[2026/01/12 02:43:06 PM] Strategy: yinyang, 1 testing targets, 1000000 seeds
[2026/01/12 02:43:06 PM] Processing seeds ../../benchmarks/SMT-benchmarks/core/unsat/uuf50-082.smt2 ../../benchmarks/SMT-benchmarks/core/unsat/uuf50-066.smt2
[2026/01/12 02:43:06 PM] Attempting to generate 30 mutants
[2026/01/12 02:43:06 PM] Performed 1 solver calls (1.0 calls/s, eff: 0.0%, 1.0 mutants/s)
[2026/01/12 02:43:09 PM] Performed 13 solver calls (4.2 calls/s, eff: 0.0%, 4.2 mutants/s)
[2026/01/12 02:43:11 PM] Performed 25 solver calls (4.8 calls/s, eff: 0.0%, 4.8 mutants/s)
[2026/01/12 02:43:12 PM] Finished generations: 30 successful, 0 unsuccessful
[2026/01/12 02:43:12 PM] Processing seeds ../../benchmarks/SMT-benchmarks/core/unsat/uuf50-0862.smt2 ../../benchmarks/SMT-benchmarks/core/unsat/uuf50-0161.smt2
[2026/01/12 02:43:12 PM] Attempting to generate 30 mutants
[2026/01/12 02:43:13 PM] Performed 33 solver calls (4.5 calls/s, eff: 0.0%, 4.5 mutants/s)
[2026/01/12 02:43:15 PM] Performed 45 solver calls (4.7 calls/s, eff: 0.0%, 4.7 mutants/s)
[2026/01/12 02:43:17 PM] Performed 56 solver calls (4.8 calls/s, eff: 0.0%, 4.8 mutants/s)
[2026/01/12 02:43:18 PM] Finished generations: 30 successful, 0 unsuccessful
[2026/01/12 02:43:18 PM] Processing seeds ../../benchmarks/SMT-benchmarks/core/unsat/uuf50-0262.smt2 ../../benchmarks/SMT-benchmarks/core/unsat/uuf50-0507.smt2
[2026/01/12 02:43:18 PM] Attempting to generate 30 mutants
[2026/01/12 02:43:19 PM] Performed 62 solver calls (4.4 calls/s, eff: 0.0%, 4.4 mutants/s)
[2026/01/12 02:43:22 PM] Performed 74 solver calls (4.6 calls/s, eff: 0.0%, 4.6 mutants/s)
[2026/01/12 02:43:24 PM] Performed 85 solver calls (4.7 calls/s, eff: 0.0%, 4.7 mutants/s)
[2026/01/12 02:43:25 PM] Finished generations: 30 successful, 0 unsuccessful
[2026/01/12 02:43:25 PM] Processing seeds ../../benchmarks/SMT-benchmarks/core/unsat/uuf50-0583.smt2 ../../benchmarks/SMT-benchmarks/core/unsat/uuf50-0912.smt2
[2026/01/12 02:43:25 PM] Attempting to generate 30 mutants
[2026/01/12 02:43:26 PM] Performed 94 solver calls (4.6 calls/s, eff: 0.0%, 4.6 mutants/s)
[2026/01/12 02:43:28 PM] Performed 107 solver calls (4.8 calls/s, eff: 0.0%, 4.8 mutants/s)
[2026/01/12 02:43:30 PM] Finished generations: 30 successful, 0 unsuccessful
[2026/01/12 02:43:30 PM] Processing seeds ../../benchmarks/SMT-benchmarks/core/unsat/uuf50-0606.smt2 ../../benchmarks/SMT-benchmarks/core/unsat/uuf50-0852.smt2
[2026/01/12 02:43:30 PM] Attempting to generate 30 mutants
[2026/01/12 02:43:30 PM] Performed 120 solver calls (4.8 calls/s, eff: 0.0%, 4.8 mutants/s)
[2026/01/12 02:43:33 PM] Performed 133 solver calls (4.9 calls/s, eff: 0.0%, 4.9 mutants/s)
[2026/01/12 02:43:35 PM] Performed 145 solver calls (4.9 calls/s, eff: 0.0%, 4.9 mutants/s)
[2026/01/12 02:43:36 PM] Finished generations: 30 successful, 0 unsuccessful
[2026/01/12 02:43:36 PM] Processing seeds ../../benchmarks/SMT-benchmarks/core/unsat/uuf50-0551.smt2 ../../benchmarks/SMT-benchmarks/core/unsat/uuf50-0689.smt2
[2026/01/12 02:43:36 PM] Attempting to generate 30 mutants
[2026/01/12 02:43:37 PM] Performed 154 solver calls (4.9 calls/s, eff: 0.0%, 4.9 mutants/s)
[2026/01/12 02:43:39 PM] Performed 165 solver calls (4.9 calls/s, eff: 0.0%, 4.9 mutants/s)
[2026/01/12 02:43:41 PM] Performed 178 solver calls (5.0 calls/s, eff: 0.0%, 5.0 mutants/s)
[2026/01/12 02:43:41 PM] Finished generations: 30 successful, 0 unsuccessful
[2026/01/12 02:43:41 PM] Processing seeds ../../benchmarks/SMT-benchmarks/core/unsat/uuf50-0784.smt2 ../../benchmarks/SMT-benchmarks/core/unsat/uuf50-0383.smt2
[2026/01/12 02:43:42 PM] Attempting to generate 30 mutants
[2026/01/12 02:43:43 PM] Performed 187 solver calls (5.0 calls/s, eff: 0.0%, 5.0 mutants/s)
[2026/01/12 02:43:45 PM] Performed 200 solver calls (5.0 calls/s, eff: 0.0%, 5.0 mutants/s)
[2026/01/12 02:43:47 PM] Finished generations: 30 successful, 0 unsuccessful
[2026/01/12 02:43:47 PM] Processing seeds ../../benchmarks/SMT-benchmarks/core/unsat/uuf50-0486.smt2 ../../benchmarks/SMT-benchmarks/core/unsat/uuf50-0727.smt2
[2026/01/12 02:43:47 PM] Attempting to generate 30 mutants
[2026/01/12 02:43:47 PM] Performed 210 solver calls (5.0 calls/s, eff: 0.0%, 5.0 mutants/s)
[2026/01/12 02:43:50 PM] Performed 222 solver calls (5.0 calls/s, eff: 0.0%, 5.0 mutants/s)
[2026/01/12 02:43:52 PM] Performed 235 solver calls (5.0 calls/s, eff: 0.0%, 5.0 mutants/s)
[2026/01/12 02:43:53 PM] Finished generations: 30 successful, 0 unsuccessful
[2026/01/12 02:43:53 PM] Processing seeds ../../benchmarks/SMT-benchmarks/core/unsat/uuf50-0599.smt2 ../../benchmarks/SMT-benchmarks/core/unsat/uuf50-070.smt2
[2026/01/12 02:43:54 PM] Attempting to generate 30 mutants
[2026/01/12 02:43:54 PM] Performed 244 solver calls (5.0 calls/s, eff: 0.0%, 5.0 mutants/s)
[2026/01/12 02:43:56 PM] Performed 256 solver calls (5.0 calls/s, eff: 0.0%, 5.0 mutants/s)
[2026/01/12 02:43:59 PM] Performed 269 solver calls (5.1 calls/s, eff: 0.0%, 5.1 mutants/s)
[2026/01/12 02:43:59 PM] Finished generations: 30 successful, 0 unsuccessful
[2026/01/12 02:43:59 PM] Processing seeds ../../benchmarks/SMT-benchmarks/core/unsat/uuf50-0748.smt2 ../../benchmarks/SMT-benchmarks/core/unsat/uuf50-0570.smt2
[2026/01/12 02:43:59 PM] Attempting to generate 30 mutants
[2026/01/12 02:44:01 PM] Performed 279 solver calls (5.1 calls/s, eff: 0.0%, 5.1 mutants/s)
[2026/01/12 02:44:03 PM] Performed 293 solver calls (5.1 calls/s, eff: 0.0%, 5.1 mutants/s)
[2026/01/12 02:44:04 PM] Finished generations: 30 successful, 0 unsuccessful
[2026/01/12 02:44:04 PM] Processing seeds ../../benchmarks/SMT-benchmarks/core/unsat/uuf50-0530.smt2 ../../benchmarks/SMT-benchmarks/core/unsat/uuf50-0439.smt2
[2026/01/12 02:44:05 PM] Attempting to generate 30 mutants
[2026/01/12 02:44:05 PM] Performed 300 solver calls (5.0 calls/s, eff: 0.0%, 5.0 mutants/s)
[2026/01/12 02:44:07 PM] Performed 311 solver calls (5.0 calls/s, eff: 0.0%, 5.0 mutants/s)
[2026/01/12 02:44:09 PM] Performed 320 solver calls (5.0 calls/s, eff: 0.0%, 5.0 mutants/s)
[2026/01/12 02:44:11 PM] Performed 328 solver calls (5.0 calls/s, eff: 0.0%, 5.0 mutants/s)
[2026/01/12 02:44:12 PM] Finished generations: 30 successful, 0 unsuccessful
[2026/01/12 02:44:12 PM] Processing seeds ../../benchmarks/SMT-benchmarks/core/unsat/uuf50-0335.smt2 ../../benchmarks/SMT-benchmarks/core/unsat/uuf50-0209.smt2
[2026/01/12 02:44:12 PM] Attempting to generate 30 mutants
[2026/01/12 02:44:14 PM] Performed 335 solver calls (4.9 calls/s, eff: 0.0%, 4.9 mutants/s)
[2026/01/12 02:44:16 PM] Performed 345 solver calls (4.9 calls/s, eff: 0.0%, 4.9 mutants/s)
[2026/01/12 02:44:18 PM] Performed 355 solver calls (4.9 calls/s, eff: 0.0%, 4.9 mutants/s)
[2026/01/12 02:44:19 PM] Finished generations: 30 successful, 0 unsuccessful
[2026/01/12 02:44:19 PM] Processing seeds ../../benchmarks/SMT-benchmarks/core/unsat/uuf50-0675.smt2 ../../benchmarks/SMT-benchmarks/core/unsat/uuf50-030.smt2
[2026/01/12 02:44:19 PM] Attempting to generate 30 mutants
[2026/01/12 02:44:20 PM] Performed 364 solver calls (4.9 calls/s, eff: 0.0%, 4.9 mutants/s)
[2026/01/12 02:44:22 PM] Performed 374 solver calls (4.9 calls/s, eff: 0.0%, 4.9 mutants/s)
[2026/01/12 02:44:24 PM] Performed 381 solver calls (4.9 calls/s, eff: 0.0%, 4.9 mutants/s)
[2026/01/12 02:44:26 PM] Performed 387 solver calls (4.8 calls/s, eff: 0.0%, 4.8 mutants/s)
[2026/01/12 02:44:27 PM] Finished generations: 30 successful, 0 unsuccessful
[2026/01/12 02:44:27 PM] Processing seeds ../../benchmarks/SMT-benchmarks/core/unsat/uuf50-069.smt2 ../../benchmarks/SMT-benchmarks/core/unsat/uuf50-0756.smt2
[2026/01/12 02:44:28 PM] Attempting to generate 30 mutants
[2026/01/12 02:44:28 PM] Performed 392 solver calls (4.7 calls/s, eff: 0.0%, 4.7 mutants/s)
[2026/01/12 02:44:30 PM] Performed 403 solver calls (4.7 calls/s, eff: 0.0%, 4.7 mutants/s)
[2026/01/12 02:44:33 PM] Performed 414 solver calls (4.7 calls/s, eff: 0.0%, 4.7 mutants/s)
[2026/01/12 02:44:34 PM] Finished generations: 30 successful, 0 unsuccessful
[2026/01/12 02:44:34 PM] Processing seeds ../../benchmarks/SMT-benchmarks/core/unsat/uuf50-0862.smt2 ../../benchmarks/SMT-benchmarks/core/unsat/uuf50-0679.smt2
[2026/01/12 02:44:34 PM] Attempting to generate 30 mutants
[2026/01/12 02:44:35 PM] Performed 423 solver calls (4.7 calls/s, eff: 0.0%, 4.7 mutants/s)
[2026/01/12 02:44:37 PM] Performed 433 solver calls (4.7 calls/s, eff: 0.0%, 4.7 mutants/s)
[2026/01/12 02:44:39 PM] Performed 445 solver calls (4.8 calls/s, eff: 0.0%, 4.8 mutants/s)
[2026/01/12 02:44:40 PM] Finished generations: 30 successful, 0 unsuccessful
[2026/01/12 02:44:40 PM] Processing seeds ../../benchmarks/SMT-benchmarks/core/unsat/uuf50-0861.smt2 ../../benchmarks/SMT-benchmarks/core/unsat/uuf50-070.smt2
[2026/01/12 02:44:40 PM] Attempting to generate 30 mutants
[2026/01/12 02:44:41 PM] Performed 453 solver calls (4.7 calls/s, eff: 0.0%, 4.7 mutants/s)
[2026/01/12 02:44:43 PM] Performed 463 solver calls (4.7 calls/s, eff: 0.0%, 4.7 mutants/s)
[2026/01/12 02:44:45 PM] Performed 475 solver calls (4.8 calls/s, eff: 0.0%, 4.8 mutants/s)
[2026/01/12 02:44:46 PM] Finished generations: 30 successful, 0 unsuccessful
[2026/01/12 02:44:46 PM] Processing seeds ../../benchmarks/SMT-benchmarks/core/unsat/uuf50-0151.smt2 ../../benchmarks/SMT-benchmarks/core/unsat/uuf50-085.smt2
[2026/01/12 02:44:47 PM] Attempting to generate 30 mutants
[2026/01/12 02:44:47 PM] Performed 483 solver calls (4.7 calls/s, eff: 0.0%, 4.7 mutants/s)
[2026/01/12 02:44:49 PM] Performed 495 solver calls (4.8 calls/s, eff: 0.0%, 4.8 mutants/s)
[2026/01/12 02:44:51 PM] Performed 507 solver calls (4.8 calls/s, eff: 0.0%, 4.8 mutants/s)
[2026/01/12 02:44:52 PM] Finished generations: 30 successful, 0 unsuccessful
[2026/01/12 02:44:52 PM] Processing seeds ../../benchmarks/SMT-benchmarks/core/unsat/uuf50-0534.smt2 ../../benchmarks/SMT-benchmarks/core/unsat/uuf50-0983.smt2
[2026/01/12 02:44:53 PM] Attempting to generate 30 mutants
[2026/01/12 02:44:53 PM] Performed 515 solver calls (4.8 calls/s, eff: 0.0%, 4.8 mutants/s)
[2026/01/12 02:44:56 PM] Performed 527 solver calls (4.8 calls/s, eff: 0.0%, 4.8 mutants/s)
[2026/01/12 02:44:58 PM] Performed 539 solver calls (4.8 calls/s, eff: 0.0%, 4.8 mutants/s)
[2026/01/12 02:44:58 PM] Finished generations: 30 successful, 0 unsuccessful
[2026/01/12 02:44:58 PM] Processing seeds ../../benchmarks/SMT-benchmarks/core/unsat/uuf50-0719.smt2 ../../benchmarks/SMT-benchmarks/core/unsat/uuf50-099.smt2
[2026/01/12 02:44:59 PM] Attempting to generate 30 mutants
[2026/01/12 02:45:00 PM] Performed 547 solver calls (4.8 calls/s, eff: 0.0%, 4.8 mutants/s)
[2026/01/12 02:45:02 PM] Performed 559 solver calls (4.8 calls/s, eff: 0.0%, 4.8 mutants/s)
[2026/01/12 02:45:04 PM] Finished generations: 30 successful, 0 unsuccessful
[2026/01/12 02:45:04 PM] Processing seeds ../../benchmarks/SMT-benchmarks/core/unsat/uuf50-0180.smt2 ../../benchmarks/SMT-benchmarks/core/unsat/uuf50-0758.smt2
[2026/01/12 02:45:04 PM] Attempting to generate 30 mutants
[2026/01/12 02:45:04 PM] Performed 570 solver calls (4.8 calls/s, eff: 0.0%, 4.8 mutants/s)
[2026/01/12 02:45:07 PM] Performed 583 solver calls (4.8 calls/s, eff: 0.0%, 4.8 mutants/s)
[2026/01/12 02:45:09 PM] Performed 594 solver calls (4.8 calls/s, eff: 0.0%, 4.8 mutants/s)
[2026/01/12 02:45:10 PM] Finished generations: 30 successful, 0 unsuccessful
[2026/01/12 02:45:10 PM] Processing seeds ../../benchmarks/SMT-benchmarks/core/unsat/uuf50-0564.smt2 ../../benchmarks/SMT-benchmarks/core/unsat/uuf50-0204.smt2
[2026/01/12 02:45:10 PM] Attempting to generate 30 mutants
[2026/01/12 02:45:11 PM] Performed 605 solver calls (4.8 calls/s, eff: 0.0%, 4.8 mutants/s)
[2026/01/12 02:45:13 PM] Performed 617 solver calls (4.8 calls/s, eff: 0.0%, 4.8 mutants/s)
[2026/01/12 02:45:15 PM] Performed 628 solver calls (4.9 calls/s, eff: 0.0%, 4.9 mutants/s)
[2026/01/12 02:45:15 PM] Finished generations: 30 successful, 0 unsuccessful
[2026/01/12 02:45:15 PM] Processing seeds ../../benchmarks/SMT-benchmarks/core/unsat/uuf50-0823.smt2 ../../benchmarks/SMT-benchmarks/core/unsat/uuf50-0818.smt2
[2026/01/12 02:45:16 PM] Attempting to generate 30 mutants
[2026/01/12 02:45:17 PM] Performed 637 solver calls (4.8 calls/s, eff: 0.0%, 4.8 mutants/s)
[2026/01/12 02:45:19 PM] Performed 647 solver calls (4.8 calls/s, eff: 0.0%, 4.8 mutants/s)
[2026/01/12 02:45:21 PM] Performed 658 solver calls (4.9 calls/s, eff: 0.0%, 4.9 mutants/s)
[2026/01/12 02:45:22 PM] Finished generations: 30 successful, 0 unsuccessful
[2026/01/12 02:45:22 PM] Processing seeds ../../benchmarks/SMT-benchmarks/core/unsat/uuf50-0447.smt2 ../../benchmarks/SMT-benchmarks/core/unsat/uuf50-071.smt2
[2026/01/12 02:45:22 PM] Attempting to generate 30 mutants
[2026/01/12 02:45:23 PM] Performed 666 solver calls (4.8 calls/s, eff: 0.0%, 4.8 mutants/s)
[2026/01/12 02:45:25 PM] Performed 677 solver calls (4.8 calls/s, eff: 0.0%, 4.8 mutants/s)
[2026/01/12 02:45:27 PM] Performed 688 solver calls (4.8 calls/s, eff: 0.0%, 4.8 mutants/s)
[2026/01/12 02:45:28 PM] Finished generations: 30 successful, 0 unsuccessful
[2026/01/12 02:45:28 PM] Processing seeds ../../benchmarks/SMT-benchmarks/core/unsat/uuf50-0516.smt2 ../../benchmarks/SMT-benchmarks/core/unsat/uuf50-0170.smt2
[2026/01/12 02:45:28 PM] Attempting to generate 30 mutants
[2026/01/12 02:45:29 PM] Performed 697 solver calls (4.8 calls/s, eff: 0.0%, 4.8 mutants/s)
[2026/01/12 02:45:31 PM] Performed 704 solver calls (4.8 calls/s, eff: 0.0%, 4.8 mutants/s)
[2026/01/12 02:45:34 PM] Performed 715 solver calls (4.8 calls/s, eff: 0.0%, 4.8 mutants/s)
[2026/01/12 02:45:34 PM] Finished generations: 30 successful, 0 unsuccessful
[2026/01/12 02:45:34 PM] Processing seeds ../../benchmarks/SMT-benchmarks/core/unsat/uuf50-0623.smt2 ../../benchmarks/SMT-benchmarks/core/unsat/uuf50-0512.smt2
[2026/01/12 02:45:35 PM] Attempting to generate 30 mutants
[2026/01/12 02:45:36 PM] Performed 724 solver calls (4.8 calls/s, eff: 0.0%, 4.8 mutants/s)
[2026/01/12 02:45:38 PM] Performed 735 solver calls (4.8 calls/s, eff: 0.0%, 4.8 mutants/s)
[2026/01/12 02:45:40 PM] Performed 746 solver calls (4.8 calls/s, eff: 0.0%, 4.8 mutants/s)
[2026/01/12 02:45:40 PM] Finished generations: 30 successful, 0 unsuccessful
[2026/01/12 02:45:40 PM] Processing seeds ../../benchmarks/SMT-benchmarks/core/unsat/uuf50-0807.smt2 ../../benchmarks/SMT-benchmarks/core/unsat/uuf50-0395.smt2
[2026/01/12 02:45:41 PM] Attempting to generate 30 mutants
[2026/01/12 02:45:42 PM] Performed 754 solver calls (4.8 calls/s, eff: 0.0%, 4.8 mutants/s)
[2026/01/12 02:45:44 PM] Performed 766 solver calls (4.8 calls/s, eff: 0.0%, 4.8 mutants/s)
[2026/01/12 02:45:46 PM] Performed 778 solver calls (4.8 calls/s, eff: 0.0%, 4.8 mutants/s)
[2026/01/12 02:45:46 PM] Finished generations: 30 successful, 0 unsuccessful
[2026/01/12 02:45:46 PM] Processing seeds ../../benchmarks/SMT-benchmarks/core/unsat/uuf50-0701.smt2 ../../benchmarks/SMT-benchmarks/core/unsat/uuf50-0788.smt2
[2026/01/12 02:45:47 PM] Attempting to generate 30 mutants
[2026/01/12 02:45:48 PM] Performed 786 solver calls (4.8 calls/s, eff: 0.0%, 4.8 mutants/s)
[2026/01/12 02:45:50 PM] Performed 798 solver calls (4.8 calls/s, eff: 0.0%, 4.8 mutants/s)
[2026/01/12 02:45:52 PM] Finished generations: 30 successful, 0 unsuccessful
[2026/01/12 02:45:52 PM] Processing seeds ../../benchmarks/SMT-benchmarks/core/unsat/uuf50-0292.smt2 ../../benchmarks/SMT-benchmarks/core/unsat/uuf50-0900.smt2
[2026/01/12 02:45:53 PM] Attempting to generate 30 mutants
[2026/01/12 02:45:53 PM] Performed 810 solver calls (4.8 calls/s, eff: 0.0%, 4.8 mutants/s)
[2026/01/12 02:45:55 PM] Performed 822 solver calls (4.8 calls/s, eff: 0.0%, 4.8 mutants/s)
[2026/01/12 02:45:57 PM] Performed 833 solver calls (4.9 calls/s, eff: 0.0%, 4.9 mutants/s)
[2026/01/12 02:45:59 PM] Finished generations: 30 successful, 0 unsuccessful
[2026/01/12 02:45:59 PM] Processing seeds ../../benchmarks/SMT-benchmarks/core/unsat/uuf50-0767.smt2 ../../benchmarks/SMT-benchmarks/core/unsat/uuf50-0993.smt2
[2026/01/12 02:45:59 PM] Attempting to generate 30 mutants
[2026/01/12 02:45:59 PM] Performed 840 solver calls (4.8 calls/s, eff: 0.0%, 4.8 mutants/s)
[2026/01/12 02:46:01 PM] Performed 851 solver calls (4.8 calls/s, eff: 0.0%, 4.8 mutants/s)
[2026/01/12 02:46:03 PM] Performed 858 solver calls (4.8 calls/s, eff: 0.0%, 4.8 mutants/s)
[2026/01/12 02:46:05 PM] Performed 869 solver calls (4.8 calls/s, eff: 0.0%, 4.8 mutants/s)
[2026/01/12 02:46:06 PM] Finished generations: 30 successful, 0 unsuccessful
[2026/01/12 02:46:06 PM] Processing seeds ../../benchmarks/SMT-benchmarks/core/unsat/uuf50-0866.smt2 ../../benchmarks/SMT-benchmarks/core/unsat/uuf50-0803.smt2
[2026/01/12 02:46:06 PM] Attempting to generate 30 mutants
[2026/01/12 02:46:07 PM] Performed 878 solver calls (4.8 calls/s, eff: 0.0%, 4.8 mutants/s)
[2026/01/12 02:46:10 PM] Performed 890 solver calls (4.8 calls/s, eff: 0.0%, 4.8 mutants/s)
[2026/01/12 02:46:11 PM] Finished generations: 30 successful, 0 unsuccessful
[2026/01/12 02:46:11 PM] Processing seeds ../../benchmarks/SMT-benchmarks/core/unsat/uuf50-0958.smt2 ../../benchmarks/SMT-benchmarks/core/unsat/uuf50-0944.smt2
[2026/01/12 02:46:12 PM] Attempting to generate 30 mutants
[2026/01/12 02:46:12 PM] Performed 900 solver calls (4.8 calls/s, eff: 0.0%, 4.8 mutants/s)
[2026/01/12 02:46:14 PM] Performed 912 solver calls (4.8 calls/s, eff: 0.0%, 4.8 mutants/s)
[2026/01/12 02:46:16 PM] Performed 918 solver calls (4.8 calls/s, eff: 0.0%, 4.8 mutants/s)
[2026/01/12 02:46:18 PM] Performed 927 solver calls (4.8 calls/s, eff: 0.0%, 4.8 mutants/s)
[2026/01/12 02:46:19 PM] Finished generations: 30 successful, 0 unsuccessful
[2026/01/12 02:46:19 PM] Processing seeds ../../benchmarks/SMT-benchmarks/core/unsat/uuf50-0303.smt2 ../../benchmarks/SMT-benchmarks/core/unsat/uuf50-099.smt2
[2026/01/12 02:46:19 PM] Attempting to generate 30 mutants
[2026/01/12 02:46:20 PM] Performed 936 solver calls (4.8 calls/s, eff: 0.0%, 4.8 mutants/s)
[2026/01/12 02:46:22 PM] Performed 947 solver calls (4.8 calls/s, eff: 0.0%, 4.8 mutants/s)
[2026/01/12 02:46:24 PM] Performed 959 solver calls (4.8 calls/s, eff: 0.0%, 4.8 mutants/s)
[2026/01/12 02:46:25 PM] Finished generations: 30 successful, 0 unsuccessful
[2026/01/12 02:46:25 PM] Processing seeds ../../benchmarks/SMT-benchmarks/core/unsat/uuf50-0692.smt2 ../../benchmarks/SMT-benchmarks/core/unsat/uuf50-0577.smt2
[2026/01/12 02:46:25 PM] Attempting to generate 30 mutants
[2026/01/12 02:46:27 PM] Performed 969 solver calls (4.8 calls/s, eff: 0.0%, 4.8 mutants/s)
[2026/01/12 02:46:29 PM] Performed 981 solver calls (4.8 calls/s, eff: 0.0%, 4.8 mutants/s)
[2026/01/12 02:46:30 PM] Finished generations: 30 successful, 0 unsuccessful
[2026/01/12 02:46:30 PM] Processing seeds ../../benchmarks/SMT-benchmarks/core/unsat/uuf50-093.smt2 ../../benchmarks/SMT-benchmarks/core/unsat/uuf50-0232.smt2
[2026/01/12 02:46:31 PM] Attempting to generate 30 mutants
[2026/01/12 02:46:31 PM] Performed 990 solver calls (4.8 calls/s, eff: 0.0%, 4.8 mutants/s)
[2026/01/12 02:46:33 PM] Performed 1001 solver calls (4.8 calls/s, eff: 0.0%, 4.8 mutants/s)
[2026/01/12 02:46:35 PM] Performed 1012 solver calls (4.8 calls/s, eff: 0.0%, 4.8 mutants/s)
[2026/01/12 02:46:36 PM] Finished generations: 30 successful, 0 unsuccessful
[2026/01/12 02:46:36 PM] Processing seeds ../../benchmarks/SMT-benchmarks/core/unsat/uuf50-0169.smt2 ../../benchmarks/SMT-benchmarks/core/unsat/uuf50-0787.smt2
[2026/01/12 02:46:37 PM] Attempting to generate 30 mutants
[2026/01/12 02:46:37 PM] Performed 1021 solver calls (4.8 calls/s, eff: 0.0%, 4.8 mutants/s)
[2026/01/12 02:46:39 PM] Performed 1032 solver calls (4.8 calls/s, eff: 0.0%, 4.8 mutants/s)
[2026/01/12 02:46:41 PM] Performed 1044 solver calls (4.8 calls/s, eff: 0.0%, 4.8 mutants/s)
[2026/01/12 02:46:42 PM] Finished generations: 30 successful, 0 unsuccessful
[2026/01/12 02:46:42 PM] Processing seeds ../../benchmarks/SMT-benchmarks/core/unsat/uuf50-0835.smt2 ../../benchmarks/SMT-benchmarks/core/unsat/uuf50-0941.smt2
[2026/01/12 02:46:43 PM] Attempting to generate 30 mutants
[2026/01/12 02:46:43 PM] Performed 1052 solver calls (4.8 calls/s, eff: 0.0%, 4.8 mutants/s)
[2026/01/12 02:46:45 PM] Performed 1064 solver calls (4.8 calls/s, eff: 0.0%, 4.8 mutants/s)
[2026/01/12 02:46:47 PM] Performed 1076 solver calls (4.8 calls/s, eff: 0.0%, 4.8 mutants/s)
[2026/01/12 02:46:48 PM] Finished generations: 30 successful, 0 unsuccessful
[2026/01/12 02:46:48 PM] Processing seeds ../../benchmarks/SMT-benchmarks/core/unsat/uuf50-0384.smt2 ../../benchmarks/SMT-benchmarks/core/unsat/uuf50-0453.smt2
[2026/01/12 02:46:49 PM] Attempting to generate 30 mutants
[2026/01/12 02:46:50 PM] Performed 1084 solver calls (4.8 calls/s, eff: 0.0%, 4.8 mutants/s)
[2026/01/12 02:46:52 PM] Performed 1092 solver calls (4.8 calls/s, eff: 0.0%, 4.8 mutants/s)
[2026/01/12 02:46:54 PM] Performed 1102 solver calls (4.8 calls/s, eff: 0.0%, 4.8 mutants/s)
[2026/01/12 02:46:56 PM] Finished generations: 30 successful, 0 unsuccessful
[2026/01/12 02:46:56 PM] Processing seeds ../../benchmarks/SMT-benchmarks/core/unsat/uuf50-0863.smt2 ../../benchmarks/SMT-benchmarks/core/unsat/uuf50-0268.smt2
[2026/01/12 02:46:56 PM] Attempting to generate 30 mutants
[2026/01/12 02:46:56 PM] Performed 1110 solver calls (4.8 calls/s, eff: 0.0%, 4.8 mutants/s)
[2026/01/12 02:46:58 PM] Performed 1120 solver calls (4.8 calls/s, eff: 0.0%, 4.8 mutants/s)
[2026/01/12 02:47:01 PM] Performed 1132 solver calls (4.8 calls/s, eff: 0.0%, 4.8 mutants/s)
[2026/01/12 02:47:02 PM] Finished generations: 30 successful, 0 unsuccessful
[2026/01/12 02:47:02 PM] Processing seeds ../../benchmarks/SMT-benchmarks/core/unsat/uuf50-0998.smt2 ../../benchmarks/SMT-benchmarks/core/unsat/uuf50-0486.smt2
[2026/01/12 02:47:03 PM] Attempting to generate 30 mutants
[2026/01/12 02:47:03 PM] Performed 1140 solver calls (4.8 calls/s, eff: 0.0%, 4.8 mutants/s)
[2026/01/12 02:47:05 PM] Performed 1149 solver calls (4.8 calls/s, eff: 0.0%, 4.8 mutants/s)
[2026/01/12 02:47:07 PM] Performed 1160 solver calls (4.8 calls/s, eff: 0.0%, 4.8 mutants/s)
[2026/01/12 02:47:09 PM] Performed 1168 solver calls (4.8 calls/s, eff: 0.0%, 4.8 mutants/s)
[2026/01/12 02:47:09 PM] Finished generations: 30 successful, 0 unsuccessful
[2026/01/12 02:47:10 PM] Processing seeds ../../benchmarks/SMT-benchmarks/core/unsat/uuf50-0999.smt2 ../../benchmarks/SMT-benchmarks/core/unsat/uuf50-0623.smt2
[2026/01/12 02:47:10 PM] Attempting to generate 30 mutants
[2026/01/12 02:47:11 PM] Performed 1176 solver calls (4.8 calls/s, eff: 0.0%, 4.8 mutants/s)
[2026/01/12 02:47:13 PM] Performed 1187 solver calls (4.8 calls/s, eff: 0.0%, 4.8 mutants/s)
[2026/01/12 02:47:16 PM] Performed 1199 solver calls (4.8 calls/s, eff: 0.0%, 4.8 mutants/s)
[2026/01/12 02:47:16 PM] Finished generations: 30 successful, 0 unsuccessful
[2026/01/12 02:47:16 PM] Processing seeds ../../benchmarks/SMT-benchmarks/core/unsat/uuf50-01.smt2 ../../benchmarks/SMT-benchmarks/core/unsat/uuf50-0319.smt2
[2026/01/12 02:47:16 PM] Attempting to generate 30 mutants
[2026/01/12 02:47:18 PM] Performed 1207 solver calls (4.8 calls/s, eff: 0.0%, 4.8 mutants/s)
[2026/01/12 02:47:20 PM] Performed 1216 solver calls (4.8 calls/s, eff: 0.0%, 4.8 mutants/s)
[2026/01/12 02:47:22 PM] Performed 1228 solver calls (4.8 calls/s, eff: 0.0%, 4.8 mutants/s)
[2026/01/12 02:47:22 PM] Finished generations: 30 successful, 0 unsuccessful
[2026/01/12 02:47:22 PM] Processing seeds ../../benchmarks/SMT-benchmarks/core/unsat/uuf50-0502.smt2 ../../benchmarks/SMT-benchmarks/core/unsat/uuf50-045.smt2
[2026/01/12 02:47:23 PM] Attempting to generate 30 mutants
[2026/01/12 02:47:24 PM] Performed 1237 solver calls (4.8 calls/s, eff: 0.0%, 4.8 mutants/s)
[2026/01/12 02:47:26 PM] Performed 1248 solver calls (4.8 calls/s, eff: 0.0%, 4.8 mutants/s)
[2026/01/12 02:47:28 PM] Performed 1259 solver calls (4.8 calls/s, eff: 0.0%, 4.8 mutants/s)
[2026/01/12 02:47:28 PM] Finished generations: 30 successful, 0 unsuccessful
[2026/01/12 02:47:28 PM] Processing seeds ../../benchmarks/SMT-benchmarks/core/unsat/uuf50-0197.smt2 ../../benchmarks/SMT-benchmarks/core/unsat/uuf50-0130.smt2
[2026/01/12 02:47:29 PM] Attempting to generate 30 mutants
[2026/01/12 02:47:30 PM] Performed 1266 solver calls (4.8 calls/s, eff: 0.0%, 4.8 mutants/s)
[2026/01/12 02:47:32 PM] Performed 1278 solver calls (4.8 calls/s, eff: 0.0%, 4.8 mutants/s)
[2026/01/12 02:47:34 PM] Finished generations: 30 successful, 0 unsuccessful
[2026/01/12 02:47:34 PM] Processing seeds ../../benchmarks/SMT-benchmarks/core/unsat/uuf50-0934.smt2 ../../benchmarks/SMT-benchmarks/core/unsat/uuf50-0164.smt2
[2026/01/12 02:47:35 PM] Attempting to generate 30 mutants
[2026/01/12 02:47:35 PM] Performed 1290 solver calls (4.8 calls/s, eff: 0.0%, 4.8 mutants/s)
[2026/01/12 02:47:37 PM] Performed 1298 solver calls (4.8 calls/s, eff: 0.0%, 4.8 mutants/s)
[2026/01/12 02:47:39 PM] Performed 1310 solver calls (4.8 calls/s, eff: 0.0%, 4.8 mutants/s)
[2026/01/12 02:47:41 PM] Performed 1319 solver calls (4.8 calls/s, eff: 0.0%, 4.8 mutants/s)
[2026/01/12 02:47:41 PM] Finished generations: 30 successful, 0 unsuccessful
[2026/01/12 02:47:41 PM] Processing seeds ../../benchmarks/SMT-benchmarks/core/unsat/uuf50-0425.smt2 ../../benchmarks/SMT-benchmarks/core/unsat/uuf50-098.smt2
[2026/01/12 02:47:42 PM] Attempting to generate 30 mutants
[2026/01/12 02:47:43 PM] Performed 1327 solver calls (4.8 calls/s, eff: 0.0%, 4.8 mutants/s)
[2026/01/12 02:47:45 PM] Performed 1339 solver calls (4.8 calls/s, eff: 0.0%, 4.8 mutants/s)
[2026/01/12 02:47:47 PM] Finished generations: 30 successful, 0 unsuccessful
[2026/01/12 02:47:47 PM] Processing seeds ../../benchmarks/SMT-benchmarks/core/unsat/uuf50-0140.smt2 ../../benchmarks/SMT-benchmarks/core/unsat/uuf50-0572.smt2
[2026/01/12 02:47:48 PM] Attempting to generate 30 mutants
[2026/01/12 02:47:48 PM] Performed 1350 solver calls (4.8 calls/s, eff: 0.0%, 4.8 mutants/s)
[2026/01/12 02:47:50 PM] Performed 1361 solver calls (4.8 calls/s, eff: 0.0%, 4.8 mutants/s)
[2026/01/12 02:47:52 PM] Performed 1373 solver calls (4.8 calls/s, eff: 0.0%, 4.8 mutants/s)
[2026/01/12 02:47:53 PM] Finished generations: 30 successful, 0 unsuccessful
[2026/01/12 02:47:53 PM] Processing seeds ../../benchmarks/SMT-benchmarks/core/unsat/uuf50-0530.smt2 ../../benchmarks/SMT-benchmarks/core/unsat/uuf50-0324.smt2
[2026/01/12 02:47:54 PM] Attempting to generate 30 mutants
[2026/01/12 02:47:54 PM] Performed 1381 solver calls (4.8 calls/s, eff: 0.0%, 4.8 mutants/s)
[2026/01/12 02:47:56 PM] Performed 1393 solver calls (4.8 calls/s, eff: 0.0%, 4.8 mutants/s)
[2026/01/12 02:47:58 PM] Performed 1405 solver calls (4.8 calls/s, eff: 0.0%, 4.8 mutants/s)
[2026/01/12 02:47:59 PM] Finished generations: 30 successful, 0 unsuccessful
[2026/01/12 02:47:59 PM] Processing seeds ../../benchmarks/SMT-benchmarks/core/unsat/uuf50-0851.smt2 ../../benchmarks/SMT-benchmarks/core/unsat/uuf50-036.smt2
[2026/01/12 02:48:00 PM] Attempting to generate 30 mutants
[2026/01/12 02:48:00 PM] Performed 1414 solver calls (4.8 calls/s, eff: 0.0%, 4.8 mutants/s)
[2026/01/12 02:48:02 PM] Performed 1426 solver calls (4.8 calls/s, eff: 0.0%, 4.8 mutants/s)
[2026/01/12 02:48:04 PM] Performed 1437 solver calls (4.8 calls/s, eff: 0.0%, 4.8 mutants/s)
[2026/01/12 02:48:05 PM] Finished generations: 30 successful, 0 unsuccessful
[2026/01/12 02:48:05 PM] Processing seeds ../../benchmarks/SMT-benchmarks/core/unsat/uuf50-0370.smt2 ../../benchmarks/SMT-benchmarks/core/unsat/uuf50-0432.smt2
[2026/01/12 02:48:05 PM] Attempting to generate 30 mutants
[2026/01/12 02:48:06 PM] Performed 1446 solver calls (4.8 calls/s, eff: 0.0%, 4.8 mutants/s)
[2026/01/12 02:48:09 PM] Performed 1457 solver calls (4.8 calls/s, eff: 0.0%, 4.8 mutants/s)
[2026/01/12 02:48:11 PM] Performed 1469 solver calls (4.8 calls/s, eff: 0.0%, 4.8 mutants/s)
[2026/01/12 02:48:11 PM] Finished generations: 30 successful, 0 unsuccessful
[2026/01/12 02:48:11 PM] Processing seeds ../../benchmarks/SMT-benchmarks/core/unsat/uuf50-0651.smt2 ../../benchmarks/SMT-benchmarks/core/unsat/uuf50-0148.smt2
[2026/01/12 02:48:11 PM] Attempting to generate 30 mutants
[2026/01/12 02:48:13 PM] Performed 1479 solver calls (4.8 calls/s, eff: 0.0%, 4.8 mutants/s)
[2026/01/12 02:48:15 PM] Performed 1486 solver calls (4.8 calls/s, eff: 0.0%, 4.8 mutants/s)
[2026/01/12 02:48:17 PM] Performed 1498 solver calls (4.8 calls/s, eff: 0.0%, 4.8 mutants/s)
[2026/01/12 02:48:17 PM] Finished generations: 30 successful, 0 unsuccessful
[2026/01/12 02:48:17 PM] Processing seeds ../../benchmarks/SMT-benchmarks/core/unsat/uuf50-0514.smt2 ../../benchmarks/SMT-benchmarks/core/unsat/uuf50-0111.smt2
[2026/01/12 02:48:18 PM] Attempting to generate 30 mutants
[2026/01/12 02:48:19 PM] Performed 1507 solver calls (4.8 calls/s, eff: 0.0%, 4.8 mutants/s)
[2026/01/12 02:48:21 PM] Performed 1519 solver calls (4.8 calls/s, eff: 0.0%, 4.8 mutants/s)
[2026/01/12 02:48:23 PM] Finished generations: 30 successful, 0 unsuccessful
[2026/01/12 02:48:23 PM] Processing seeds ../../benchmarks/SMT-benchmarks/core/unsat/uuf50-0617.smt2 ../../benchmarks/SMT-benchmarks/core/unsat/uuf50-0896.smt2
[2026/01/12 02:48:23 PM] Attempting to generate 30 mutants
[2026/01/12 02:48:23 PM] Performed 1530 solver calls (4.8 calls/s, eff: 0.0%, 4.8 mutants/s)
[2026/01/12 02:48:25 PM] Performed 1541 solver calls (4.8 calls/s, eff: 0.0%, 4.8 mutants/s)
[2026/01/12 02:48:27 PM] Performed 1551 solver calls (4.8 calls/s, eff: 0.0%, 4.8 mutants/s)
[2026/01/12 02:48:30 PM] Finished generations: 30 successful, 0 unsuccessful
[2026/01/12 02:48:30 PM] Processing seeds ../../benchmarks/SMT-benchmarks/core/unsat/uuf50-0882.smt2 ../../benchmarks/SMT-benchmarks/core/unsat/uuf50-0607.smt2
[2026/01/12 02:48:30 PM] Attempting to generate 30 mutants
[2026/01/12 02:48:30 PM] Performed 1560 solver calls (4.8 calls/s, eff: 0.0%, 4.8 mutants/s)
[2026/01/12 02:48:32 PM] Performed 1566 solver calls (4.8 calls/s, eff: 0.0%, 4.8 mutants/s)
[2026/01/12 02:48:35 PM] Performed 1574 solver calls (4.8 calls/s, eff: 0.0%, 4.8 mutants/s)
[2026/01/12 02:48:37 PM] Performed 1583 solver calls (4.8 calls/s, eff: 0.0%, 4.8 mutants/s)
[2026/01/12 02:48:38 PM] Finished generations: 30 successful, 0 unsuccessful
[2026/01/12 02:48:38 PM] Processing seeds ../../benchmarks/SMT-benchmarks/core/unsat/uuf50-0759.smt2 ../../benchmarks/SMT-benchmarks/core/unsat/uuf50-0850.smt2
[2026/01/12 02:48:39 PM] Attempting to generate 30 mutants
[2026/01/12 02:48:39 PM] Performed 1591 solver calls (4.8 calls/s, eff: 0.0%, 4.8 mutants/s)
[2026/01/12 02:48:41 PM] Performed 1603 solver calls (4.8 calls/s, eff: 0.0%, 4.8 mutants/s)
[2026/01/12 02:48:43 PM] Performed 1615 solver calls (4.8 calls/s, eff: 0.0%, 4.8 mutants/s)
[2026/01/12 02:48:44 PM] Finished generations: 30 successful, 0 unsuccessful
[2026/01/12 02:48:44 PM] Processing seeds ../../benchmarks/SMT-benchmarks/core/unsat/uuf50-0930.smt2 ../../benchmarks/SMT-benchmarks/core/unsat/uuf50-0101.smt2
[2026/01/12 02:48:45 PM] Attempting to generate 30 mutants
[2026/01/12 02:48:45 PM] Performed 1623 solver calls (4.8 calls/s, eff: 0.0%, 4.8 mutants/s)
[2026/01/12 02:48:47 PM] Performed 1632 solver calls (4.8 calls/s, eff: 0.0%, 4.8 mutants/s)
[2026/01/12 02:48:49 PM] Performed 1643 solver calls (4.8 calls/s, eff: 0.0%, 4.8 mutants/s)
[2026/01/12 02:48:51 PM] Finished generations: 30 successful, 0 unsuccessful
[2026/01/12 02:48:51 PM] Processing seeds ../../benchmarks/SMT-benchmarks/core/unsat/uuf50-0848.smt2 ../../benchmarks/SMT-benchmarks/core/unsat/uuf50-0639.smt2
[2026/01/12 02:48:52 PM] Attempting to generate 30 mutants
[2026/01/12 02:48:52 PM] Performed 1650 solver calls (4.8 calls/s, eff: 0.0%, 4.8 mutants/s)
[2026/01/12 02:48:54 PM] Performed 1660 solver calls (4.8 calls/s, eff: 0.0%, 4.8 mutants/s)
[2026/01/12 02:48:56 PM] Performed 1672 solver calls (4.8 calls/s, eff: 0.0%, 4.8 mutants/s)
[2026/01/12 02:48:58 PM] Finished generations: 30 successful, 0 unsuccessful
[2026/01/12 02:48:58 PM] Processing seeds ../../benchmarks/SMT-benchmarks/core/unsat/uuf50-07.smt2 ../../benchmarks/SMT-benchmarks/core/unsat/uuf50-0754.smt2
[2026/01/12 02:48:58 PM] Attempting to generate 30 mutants
[2026/01/12 02:48:58 PM] Performed 1680 solver calls (4.8 calls/s, eff: 0.0%, 4.8 mutants/s)
[2026/01/12 02:49:00 PM] Performed 1691 solver calls (4.8 calls/s, eff: 0.0%, 4.8 mutants/s)
[2026/01/12 02:49:02 PM] Performed 1701 solver calls (4.8 calls/s, eff: 0.0%, 4.8 mutants/s)
[2026/01/12 02:49:04 PM] Finished generations: 30 successful, 0 unsuccessful
[2026/01/12 02:49:04 PM] Processing seeds ../../benchmarks/SMT-benchmarks/core/unsat/uuf50-0377.smt2 ../../benchmarks/SMT-benchmarks/core/unsat/uuf50-0569.smt2
[2026/01/12 02:49:05 PM] Attempting to generate 30 mutants
[2026/01/12 02:49:05 PM] Performed 1710 solver calls (4.8 calls/s, eff: 0.0%, 4.8 mutants/s)
[2026/01/12 02:49:07 PM] Performed 1719 solver calls (4.8 calls/s, eff: 0.0%, 4.8 mutants/s)
[2026/01/12 02:49:09 PM] Performed 1728 solver calls (4.8 calls/s, eff: 0.0%, 4.8 mutants/s)
[2026/01/12 02:49:11 PM] Finished generations: 30 successful, 0 unsuccessful
[2026/01/12 02:49:11 PM] Processing seeds ../../benchmarks/SMT-benchmarks/core/unsat/uuf50-0927.smt2 ../../benchmarks/SMT-benchmarks/core/unsat/uuf50-0224.smt2
[2026/01/12 02:49:12 PM] Attempting to generate 30 mutants
[2026/01/12 02:49:12 PM] Performed 1740 solver calls (4.8 calls/s, eff: 0.0%, 4.8 mutants/s)
[2026/01/12 02:49:14 PM] Performed 1751 solver calls (4.8 calls/s, eff: 0.0%, 4.8 mutants/s)
[2026/01/12 02:49:16 PM] Performed 1761 solver calls (4.8 calls/s, eff: 0.0%, 4.8 mutants/s)
[2026/01/12 02:49:17 PM] Finished generations: 30 successful, 0 unsuccessful
[2026/01/12 02:49:17 PM] Processing seeds ../../benchmarks/SMT-benchmarks/core/unsat/uuf50-0718.smt2 ../../benchmarks/SMT-benchmarks/core/unsat/uuf50-0997.smt2
[2026/01/12 02:49:18 PM] Attempting to generate 30 mutants
[2026/01/12 02:49:18 PM] Performed 1770 solver calls (4.8 calls/s, eff: 0.0%, 4.8 mutants/s)
[2026/01/12 02:49:20 PM] Performed 1778 solver calls (4.7 calls/s, eff: 0.0%, 4.7 mutants/s)
[2026/01/12 02:49:22 PM] Performed 1788 solver calls (4.7 calls/s, eff: 0.0%, 4.7 mutants/s)
[2026/01/12 02:49:24 PM] Performed 1798 solver calls (4.7 calls/s, eff: 0.0%, 4.7 mutants/s)
[2026/01/12 02:49:25 PM] Finished generations: 30 successful, 0 unsuccessful
[2026/01/12 02:49:25 PM] Processing seeds ../../benchmarks/SMT-benchmarks/core/unsat/uuf50-0850.smt2 ../../benchmarks/SMT-benchmarks/core/unsat/uuf50-0254.smt2
[2026/01/12 02:49:25 PM] Attempting to generate 30 mutants
[2026/01/12 02:49:26 PM] Performed 1805 solver calls (4.7 calls/s, eff: 0.0%, 4.7 mutants/s)
[2026/01/12 02:49:29 PM] Performed 1817 solver calls (4.7 calls/s, eff: 0.0%, 4.7 mutants/s)
[2026/01/12 02:49:31 PM] Performed 1828 solver calls (4.7 calls/s, eff: 0.0%, 4.7 mutants/s)
[2026/01/12 02:49:31 PM] Finished generations: 30 successful, 0 unsuccessful
[2026/01/12 02:49:31 PM] Processing seeds ../../benchmarks/SMT-benchmarks/core/unsat/uuf50-0398.smt2 ../../benchmarks/SMT-benchmarks/core/unsat/uuf50-0732.smt2
[2026/01/12 02:49:32 PM] Attempting to generate 30 mutants
[2026/01/12 02:49:33 PM] Performed 1835 solver calls (4.7 calls/s, eff: 0.0%, 4.7 mutants/s)
[2026/01/12 02:49:35 PM] Performed 1846 solver calls (4.7 calls/s, eff: 0.0%, 4.7 mutants/s)
[2026/01/12 02:49:37 PM] Performed 1858 solver calls (4.7 calls/s, eff: 0.0%, 4.7 mutants/s)
[2026/01/12 02:49:37 PM] Finished generations: 30 successful, 0 unsuccessful
[2026/01/12 02:49:37 PM] Processing seeds ../../benchmarks/SMT-benchmarks/core/unsat/uuf50-092.smt2 ../../benchmarks/SMT-benchmarks/core/unsat/uuf50-0845.smt2
[2026/01/12 02:49:38 PM] Attempting to generate 30 mutants
[2026/01/12 02:49:39 PM] Performed 1866 solver calls (4.7 calls/s, eff: 0.0%, 4.7 mutants/s)
[2026/01/12 02:49:41 PM] Performed 1878 solver calls (4.7 calls/s, eff: 0.0%, 4.7 mutants/s)
[2026/01/12 02:49:43 PM] Finished generations: 30 successful, 0 unsuccessful
[2026/01/12 02:49:43 PM] Processing seeds ../../benchmarks/SMT-benchmarks/core/unsat/uuf50-0987.smt2 ../../benchmarks/SMT-benchmarks/core/unsat/uuf50-0970.smt2
[2026/01/12 02:49:44 PM] Attempting to generate 30 mutants
[2026/01/12 02:49:44 PM] Performed 1890 solver calls (4.7 calls/s, eff: 0.0%, 4.7 mutants/s)
[2026/01/12 02:49:46 PM] Performed 1901 solver calls (4.7 calls/s, eff: 0.0%, 4.7 mutants/s)
[2026/01/12 02:49:48 PM] Performed 1911 solver calls (4.7 calls/s, eff: 0.0%, 4.7 mutants/s)
[2026/01/12 02:49:50 PM] Finished generations: 30 successful, 0 unsuccessful
[2026/01/12 02:49:50 PM] Processing seeds ../../benchmarks/SMT-benchmarks/core/unsat/uuf50-0401.smt2 ../../benchmarks/SMT-benchmarks/core/unsat/uuf50-039.smt2
[2026/01/12 02:49:51 PM] Attempting to generate 30 mutants
[2026/01/12 02:49:51 PM] Performed 1920 solver calls (4.7 calls/s, eff: 0.0%, 4.7 mutants/s)
[2026/01/12 02:49:53 PM] Performed 1928 solver calls (4.7 calls/s, eff: 0.0%, 4.7 mutants/s)
[2026/01/12 02:49:55 PM] Performed 1940 solver calls (4.7 calls/s, eff: 0.0%, 4.7 mutants/s)
[2026/01/12 02:49:57 PM] Finished generations: 30 successful, 0 unsuccessful
[2026/01/12 02:49:57 PM] Processing seeds ../../benchmarks/SMT-benchmarks/core/unsat/uuf50-0934.smt2 ../../benchmarks/SMT-benchmarks/core/unsat/uuf50-060.smt2
[2026/01/12 02:49:58 PM] Attempting to generate 30 mutants
[2026/01/12 02:49:58 PM] Performed 1950 solver calls (4.7 calls/s, eff: 0.0%, 4.7 mutants/s)
[2026/01/12 02:50:00 PM] Performed 1962 solver calls (4.7 calls/s, eff: 0.0%, 4.7 mutants/s)
[2026/01/12 02:50:02 PM] Performed 1972 solver calls (4.7 calls/s, eff: 0.0%, 4.7 mutants/s)
[2026/01/12 02:50:03 PM] Finished generations: 30 successful, 0 unsuccessful
[2026/01/12 02:50:03 PM] Processing seeds ../../benchmarks/SMT-benchmarks/core/unsat/uuf50-0847.smt2 ../../benchmarks/SMT-benchmarks/core/unsat/uuf50-081.smt2
[2026/01/12 02:50:04 PM] Attempting to generate 30 mutants
[2026/01/12 02:50:04 PM] Performed 1981 solver calls (4.7 calls/s, eff: 0.0%, 4.7 mutants/s)
[2026/01/12 02:50:06 PM] Performed 1992 solver calls (4.7 calls/s, eff: 0.0%, 4.7 mutants/s)
[2026/01/12 02:50:08 PM] Performed 2003 solver calls (4.7 calls/s, eff: 0.0%, 4.7 mutants/s)
[2026/01/12 02:50:09 PM] Finished generations: 30 successful, 0 unsuccessful
[2026/01/12 02:50:09 PM] Processing seeds ../../benchmarks/SMT-benchmarks/core/unsat/uuf50-0373.smt2 ../../benchmarks/SMT-benchmarks/core/unsat/uuf50-0110.smt2
[2026/01/12 02:50:10 PM] Attempting to generate 30 mutants
[2026/01/12 02:50:10 PM] Performed 2013 solver calls (4.7 calls/s, eff: 0.0%, 4.7 mutants/s)
[2026/01/12 02:50:12 PM] Performed 2024 solver calls (4.7 calls/s, eff: 0.0%, 4.7 mutants/s)
[2026/01/12 02:50:14 PM] Performed 2035 solver calls (4.7 calls/s, eff: 0.0%, 4.7 mutants/s)
[2026/01/12 02:50:15 PM] Finished generations: 30 successful, 0 unsuccessful
[2026/01/12 02:50:15 PM] Processing seeds ../../benchmarks/SMT-benchmarks/core/unsat/uuf50-0510.smt2 ../../benchmarks/SMT-benchmarks/core/unsat/uuf50-0728.smt2
[2026/01/12 02:50:16 PM] Attempting to generate 30 mutants
[2026/01/12 02:50:16 PM] Performed 2043 solver calls (4.7 calls/s, eff: 0.0%, 4.7 mutants/s)
[2026/01/12 02:50:18 PM] Performed 2053 solver calls (4.7 calls/s, eff: 0.0%, 4.7 mutants/s)
[2026/01/12 02:50:20 PM] Performed 2063 solver calls (4.7 calls/s, eff: 0.0%, 4.7 mutants/s)
[2026/01/12 02:50:22 PM] Finished generations: 30 successful, 0 unsuccessful
[2026/01/12 02:50:22 PM] Processing seeds ../../benchmarks/SMT-benchmarks/core/unsat/uuf50-0219.smt2 ../../benchmarks/SMT-benchmarks/core/unsat/uuf50-0360.smt2
[2026/01/12 02:50:22 PM] Attempting to generate 30 mutants
[2026/01/12 02:50:23 PM] Performed 2071 solver calls (4.7 calls/s, eff: 0.0%, 4.7 mutants/s)
[2026/01/12 02:50:25 PM] Performed 2080 solver calls (4.7 calls/s, eff: 0.0%, 4.7 mutants/s)
[2026/01/12 02:50:27 PM] Performed 2088 solver calls (4.7 calls/s, eff: 0.0%, 4.7 mutants/s)
[2026/01/12 02:50:29 PM] Performed 2099 solver calls (4.7 calls/s, eff: 0.0%, 4.7 mutants/s)
[2026/01/12 02:50:29 PM] Finished generations: 30 successful, 0 unsuccessful
[2026/01/12 02:50:29 PM] Processing seeds ../../benchmarks/SMT-benchmarks/core/unsat/uuf50-0640.smt2 ../../benchmarks/SMT-benchmarks/core/unsat/uuf50-0249.smt2
[2026/01/12 02:50:30 PM] Attempting to generate 30 mutants
[2026/01/12 02:50:31 PM] Performed 2106 solver calls (4.7 calls/s, eff: 0.0%, 4.7 mutants/s)
[2026/01/12 02:50:33 PM] Performed 2117 solver calls (4.7 calls/s, eff: 0.0%, 4.7 mutants/s)
[2026/01/12 02:50:35 PM] Performed 2128 solver calls (4.7 calls/s, eff: 0.0%, 4.7 mutants/s)
[2026/01/12 02:50:36 PM] Finished generations: 30 successful, 0 unsuccessful
[2026/01/12 02:50:36 PM] Processing seeds ../../benchmarks/SMT-benchmarks/core/unsat/uuf50-0398.smt2 ../../benchmarks/SMT-benchmarks/core/unsat/uuf50-0948.smt2
[2026/01/12 02:50:37 PM] Attempting to generate 30 mutants
[2026/01/12 02:50:37 PM] Performed 2133 solver calls (4.7 calls/s, eff: 0.0%, 4.7 mutants/s)
[2026/01/12 02:50:39 PM] Performed 2142 solver calls (4.7 calls/s, eff: 0.0%, 4.7 mutants/s)
[2026/01/12 02:50:42 PM] Performed 2152 solver calls (4.7 calls/s, eff: 0.0%, 4.7 mutants/s)
[2026/01/12 02:50:43 PM] Finished generations: 30 successful, 0 unsuccessful
[2026/01/12 02:50:43 PM] Processing seeds ../../benchmarks/SMT-benchmarks/core/unsat/uuf50-0947.smt2 ../../benchmarks/SMT-benchmarks/core/unsat/uuf50-0186.smt2
[2026/01/12 02:50:44 PM] Attempting to generate 30 mutants
[2026/01/12 02:50:44 PM] Performed 2160 solver calls (4.7 calls/s, eff: 0.0%, 4.7 mutants/s)
[2026/01/12 02:50:46 PM] Performed 2171 solver calls (4.7 calls/s, eff: 0.0%, 4.7 mutants/s)
[2026/01/12 02:50:48 PM] Performed 2181 solver calls (4.7 calls/s, eff: 0.0%, 4.7 mutants/s)
[2026/01/12 02:50:50 PM] Finished generations: 30 successful, 0 unsuccessful
[2026/01/12 02:50:50 PM] Processing seeds ../../benchmarks/SMT-benchmarks/core/unsat/uuf50-0577.smt2 ../../benchmarks/SMT-benchmarks/core/unsat/uuf50-0752.smt2
[2026/01/12 02:50:51 PM] Attempting to generate 30 mutants
[2026/01/12 02:50:51 PM] Performed 2190 solver calls (4.7 calls/s, eff: 0.0%, 4.7 mutants/s)
[2026/01/12 02:50:53 PM] Performed 2202 solver calls (4.7 calls/s, eff: 0.0%, 4.7 mutants/s)
[2026/01/12 02:50:55 PM] Performed 2214 solver calls (4.7 calls/s, eff: 0.0%, 4.7 mutants/s)
[2026/01/12 02:50:56 PM] Finished generations: 30 successful, 0 unsuccessful
[2026/01/12 02:50:56 PM] Processing seeds ../../benchmarks/SMT-benchmarks/core/unsat/uuf50-0466.smt2 ../../benchmarks/SMT-benchmarks/core/unsat/uuf50-0200.smt2
[2026/01/12 02:50:57 PM] Attempting to generate 30 mutants
[2026/01/12 02:50:57 PM] Performed 2222 solver calls (4.7 calls/s, eff: 0.0%, 4.7 mutants/s)
[2026/01/12 02:50:59 PM] Performed 2229 solver calls (4.7 calls/s, eff: 0.0%, 4.7 mutants/s)
[2026/01/12 02:51:01 PM] Performed 2238 solver calls (4.7 calls/s, eff: 0.0%, 4.7 mutants/s)
[2026/01/12 02:51:03 PM] Performed 2249 solver calls (4.7 calls/s, eff: 0.0%, 4.7 mutants/s)
[2026/01/12 02:51:04 PM] Finished generations: 30 successful, 0 unsuccessful
[2026/01/12 02:51:04 PM] Processing seeds ../../benchmarks/SMT-benchmarks/core/unsat/uuf50-0343.smt2 ../../benchmarks/SMT-benchmarks/core/unsat/uuf50-0352.smt2
[2026/01/12 02:51:04 PM] Attempting to generate 30 mutants
[2026/01/12 02:51:06 PM] Performed 2259 solver calls (4.7 calls/s, eff: 0.0%, 4.7 mutants/s)
[2026/01/12 02:51:08 PM] Performed 2270 solver calls (4.7 calls/s, eff: 0.0%, 4.7 mutants/s)
[2026/01/12 02:51:09 PM] Finished generations: 30 successful, 0 unsuccessful
[2026/01/12 02:51:09 PM] Processing seeds ../../benchmarks/SMT-benchmarks/core/unsat/uuf50-0218.smt2 ../../benchmarks/SMT-benchmarks/core/unsat/uuf50-0559.smt2
[2026/01/12 02:51:10 PM] Attempting to generate 30 mutants
[2026/01/12 02:51:10 PM] Performed 2280 solver calls (4.7 calls/s, eff: 0.0%, 4.7 mutants/s)
[2026/01/12 02:51:12 PM] Performed 2292 solver calls (4.7 calls/s, eff: 0.0%, 4.7 mutants/s)
[2026/01/12 02:51:14 PM] Performed 2304 solver calls (4.7 calls/s, eff: 0.0%, 4.7 mutants/s)
[2026/01/12 02:51:15 PM] Finished generations: 30 successful, 0 unsuccessful
[2026/01/12 02:51:15 PM] Processing seeds ../../benchmarks/SMT-benchmarks/core/unsat/uuf50-0821.smt2 ../../benchmarks/SMT-benchmarks/core/unsat/uuf50-0615.smt2
[2026/01/12 02:51:16 PM] Attempting to generate 30 mutants
[2026/01/12 02:51:16 PM] Performed 2313 solver calls (4.7 calls/s, eff: 0.0%, 4.7 mutants/s)
[2026/01/12 02:51:19 PM] Performed 2324 solver calls (4.7 calls/s, eff: 0.0%, 4.7 mutants/s)
[2026/01/12 02:51:21 PM] Performed 2336 solver calls (4.7 calls/s, eff: 0.0%, 4.7 mutants/s)
[2026/01/12 02:51:21 PM] Finished generations: 30 successful, 0 unsuccessful
[2026/01/12 02:51:21 PM] Processing seeds ../../benchmarks/SMT-benchmarks/core/unsat/uuf50-08.smt2 ../../benchmarks/SMT-benchmarks/core/unsat/uuf50-0890.smt2
[2026/01/12 02:51:22 PM] Attempting to generate 30 mutants
[2026/01/12 02:51:23 PM] Performed 2345 solver calls (4.7 calls/s, eff: 0.0%, 4.7 mutants/s)
[2026/01/12 02:51:25 PM] Performed 2356 solver calls (4.7 calls/s, eff: 0.0%, 4.7 mutants/s)
[2026/01/12 02:51:27 PM] Performed 2367 solver calls (4.7 calls/s, eff: 0.0%, 4.7 mutants/s)
[2026/01/12 02:51:28 PM] Finished generations: 30 successful, 0 unsuccessful
[2026/01/12 02:51:28 PM] Processing seeds ../../benchmarks/SMT-benchmarks/core/unsat/uuf50-0271.smt2 ../../benchmarks/SMT-benchmarks/core/unsat/uuf50-060.smt2
[2026/01/12 02:51:28 PM] Attempting to generate 30 mutants
[2026/01/12 02:51:29 PM] Performed 2375 solver calls (4.7 calls/s, eff: 0.0%, 4.7 mutants/s)
[2026/01/12 02:51:32 PM] Performed 2385 solver calls (4.7 calls/s, eff: 0.0%, 4.7 mutants/s)
[2026/01/12 02:51:34 PM] Performed 2396 solver calls (4.7 calls/s, eff: 0.0%, 4.7 mutants/s)
[2026/01/12 02:51:34 PM] Finished generations: 30 successful, 0 unsuccessful
[2026/01/12 02:51:34 PM] Processing seeds ../../benchmarks/SMT-benchmarks/core/unsat/uuf50-0561.smt2 ../../benchmarks/SMT-benchmarks/core/unsat/uuf50-0516.smt2
[2026/01/12 02:51:35 PM] Attempting to generate 30 mutants
[2026/01/12 02:51:36 PM] Performed 2404 solver calls (4.7 calls/s, eff: 0.0%, 4.7 mutants/s)
[2026/01/12 02:51:38 PM] Performed 2416 solver calls (4.7 calls/s, eff: 0.0%, 4.7 mutants/s)
[2026/01/12 02:51:40 PM] Performed 2427 solver calls (4.7 calls/s, eff: 0.0%, 4.7 mutants/s)
[2026/01/12 02:51:41 PM] Finished generations: 30 successful, 0 unsuccessful
[2026/01/12 02:51:41 PM] Processing seeds ../../benchmarks/SMT-benchmarks/core/unsat/uuf50-0384.smt2 ../../benchmarks/SMT-benchmarks/core/unsat/uuf50-0651.smt2
[2026/01/12 02:51:41 PM] Attempting to generate 30 mutants
[2026/01/12 02:51:42 PM] Performed 2434 solver calls (4.7 calls/s, eff: 0.0%, 4.7 mutants/s)
[2026/01/12 02:51:44 PM] Performed 2445 solver calls (4.7 calls/s, eff: 0.0%, 4.7 mutants/s)
[2026/01/12 02:51:46 PM] Performed 2457 solver calls (4.7 calls/s, eff: 0.0%, 4.7 mutants/s)
[2026/01/12 02:51:47 PM] Finished generations: 30 successful, 0 unsuccessful
[2026/01/12 02:51:47 PM] Processing seeds ../../benchmarks/SMT-benchmarks/core/unsat/uuf50-0489.smt2 ../../benchmarks/SMT-benchmarks/core/unsat/uuf50-0316.smt2
[2026/01/12 02:51:48 PM] Attempting to generate 30 mutants
[2026/01/12 02:51:48 PM] Performed 2464 solver calls (4.7 calls/s, eff: 0.0%, 4.7 mutants/s)
[2026/01/12 02:51:50 PM] Performed 2475 solver calls (4.7 calls/s, eff: 0.0%, 4.7 mutants/s)
[2026/01/12 02:51:53 PM] Performed 2484 solver calls (4.7 calls/s, eff: 0.0%, 4.7 mutants/s)
[2026/01/12 02:51:54 PM] Finished generations: 30 successful, 0 unsuccessful
[2026/01/12 02:51:54 PM] Processing seeds ../../benchmarks/SMT-benchmarks/core/unsat/uuf50-0166.smt2 ../../benchmarks/SMT-benchmarks/core/unsat/uuf50-0356.smt2
[2026/01/12 02:51:54 PM] Attempting to generate 30 mutants
[2026/01/12 02:51:55 PM] Performed 2491 solver calls (4.7 calls/s, eff: 0.0%, 4.7 mutants/s)
[2026/01/12 02:51:57 PM] Performed 2501 solver calls (4.7 calls/s, eff: 0.0%, 4.7 mutants/s)
[2026/01/12 02:51:59 PM] Performed 2511 solver calls (4.7 calls/s, eff: 0.0%, 4.7 mutants/s)
[2026/01/12 02:52:00 PM] Finished generations: 30 successful, 0 unsuccessful
[2026/01/12 02:52:00 PM] Processing seeds ../../benchmarks/SMT-benchmarks/core/unsat/uuf50-0863.smt2 ../../benchmarks/SMT-benchmarks/core/unsat/uuf50-0193.smt2
[2026/01/12 02:52:01 PM] Attempting to generate 30 mutants
[2026/01/12 02:52:01 PM] Performed 2520 solver calls (4.7 calls/s, eff: 0.0%, 4.7 mutants/s)
[2026/01/12 02:52:03 PM] Performed 2531 solver calls (4.7 calls/s, eff: 0.0%, 4.7 mutants/s)
[2026/01/12 02:52:05 PM] Performed 2537 solver calls (4.7 calls/s, eff: 0.0%, 4.7 mutants/s)
[2026/01/12 02:52:07 PM] Performed 2548 solver calls (4.7 calls/s, eff: 0.0%, 4.7 mutants/s)
[2026/01/12 02:52:07 PM] Finished generations: 30 successful, 0 unsuccessful
[2026/01/12 02:52:07 PM] Processing seeds ../../benchmarks/SMT-benchmarks/core/unsat/uuf50-059.smt2 ../../benchmarks/SMT-benchmarks/core/unsat/uuf50-0798.smt2
[2026/01/12 02:52:08 PM] Attempting to generate 30 mutants
[2026/01/12 02:52:09 PM] Performed 2556 solver calls (4.7 calls/s, eff: 0.0%, 4.7 mutants/s)
[2026/01/12 02:52:11 PM] Performed 2568 solver calls (4.7 calls/s, eff: 0.0%, 4.7 mutants/s)
[2026/01/12 02:52:13 PM] Finished generations: 30 successful, 0 unsuccessful
[2026/01/12 02:52:13 PM] Processing seeds ../../benchmarks/SMT-benchmarks/core/unsat/uuf50-0906.smt2 ../../benchmarks/SMT-benchmarks/core/unsat/uuf50-0722.smt2
[2026/01/12 02:52:14 PM] Attempting to generate 30 mutants
[2026/01/12 02:52:14 PM] Performed 2580 solver calls (4.7 calls/s, eff: 0.0%, 4.7 mutants/s)
[2026/01/12 02:52:16 PM] Performed 2590 solver calls (4.7 calls/s, eff: 0.0%, 4.7 mutants/s)
[2026/01/12 02:52:18 PM] Performed 2600 solver calls (4.7 calls/s, eff: 0.0%, 4.7 mutants/s)
[2026/01/12 02:52:20 PM] Finished generations: 30 successful, 0 unsuccessful
[2026/01/12 02:52:20 PM] Processing seeds ../../benchmarks/SMT-benchmarks/core/unsat/uuf50-0749.smt2 ../../benchmarks/SMT-benchmarks/core/unsat/uuf50-0338.smt2
[2026/01/12 02:52:20 PM] Attempting to generate 30 mutants
[2026/01/12 02:52:20 PM] Performed 2610 solver calls (4.7 calls/s, eff: 0.0%, 4.7 mutants/s)
[2026/01/12 02:52:22 PM] Performed 2620 solver calls (4.7 calls/s, eff: 0.0%, 4.7 mutants/s)
[2026/01/12 02:52:24 PM] Performed 2631 solver calls (4.7 calls/s, eff: 0.0%, 4.7 mutants/s)
[2026/01/12 02:52:26 PM] Finished generations: 30 successful, 0 unsuccessful
[2026/01/12 02:52:26 PM] Processing seeds ../../benchmarks/SMT-benchmarks/core/unsat/uuf50-0634.smt2 ../../benchmarks/SMT-benchmarks/core/unsat/uuf50-0561.smt2
[2026/01/12 02:52:27 PM] Attempting to generate 30 mutants
[2026/01/12 02:52:27 PM] Performed 2640 solver calls (4.7 calls/s, eff: 0.0%, 4.7 mutants/s)
[2026/01/12 02:52:29 PM] Performed 2649 solver calls (4.7 calls/s, eff: 0.0%, 4.7 mutants/s)
[2026/01/12 02:52:31 PM] Performed 2660 solver calls (4.7 calls/s, eff: 0.0%, 4.7 mutants/s)
[2026/01/12 02:52:33 PM] Finished generations: 30 successful, 0 unsuccessful
[2026/01/12 02:52:33 PM] Processing seeds ../../benchmarks/SMT-benchmarks/core/unsat/uuf50-0174.smt2 ../../benchmarks/SMT-benchmarks/core/unsat/uuf50-0505.smt2
[2026/01/12 02:52:34 PM] Attempting to generate 30 mutants
[2026/01/12 02:52:34 PM] Performed 2670 solver calls (4.7 calls/s, eff: 0.0%, 4.7 mutants/s)
[2026/01/12 02:52:36 PM] Performed 2681 solver calls (4.7 calls/s, eff: 0.0%, 4.7 mutants/s)
[2026/01/12 02:52:38 PM] Performed 2688 solver calls (4.7 calls/s, eff: 0.0%, 4.7 mutants/s)
[2026/01/12 02:52:40 PM] Performed 2699 solver calls (4.7 calls/s, eff: 0.0%, 4.7 mutants/s)
[2026/01/12 02:52:40 PM] Finished generations: 30 successful, 0 unsuccessful
[2026/01/12 02:52:40 PM] Processing seeds ../../benchmarks/SMT-benchmarks/core/unsat/uuf50-0598.smt2 ../../benchmarks/SMT-benchmarks/core/unsat/uuf50-0443.smt2
[2026/01/12 02:52:41 PM] Attempting to generate 30 mutants
[2026/01/12 02:52:42 PM] Performed 2706 solver calls (4.7 calls/s, eff: 0.0%, 4.7 mutants/s)
[2026/01/12 02:52:44 PM] Performed 2718 solver calls (4.7 calls/s, eff: 0.0%, 4.7 mutants/s)
[2026/01/12 02:52:46 PM] Performed 2729 solver calls (4.7 calls/s, eff: 0.0%, 4.7 mutants/s)
[2026/01/12 02:52:46 PM] Finished generations: 30 successful, 0 unsuccessful
[2026/01/12 02:52:46 PM] Processing seeds ../../benchmarks/SMT-benchmarks/core/unsat/uuf50-0217.smt2 ../../benchmarks/SMT-benchmarks/core/unsat/uuf50-0989.smt2
[2026/01/12 02:52:47 PM] Attempting to generate 30 mutants
[2026/01/12 02:52:48 PM] Performed 2737 solver calls (4.7 calls/s, eff: 0.0%, 4.7 mutants/s)
[2026/01/12 02:52:50 PM] Performed 2748 solver calls (4.7 calls/s, eff: 0.0%, 4.7 mutants/s)
[2026/01/12 02:52:52 PM] Performed 2759 solver calls (4.7 calls/s, eff: 0.0%, 4.7 mutants/s)
[2026/01/12 02:52:52 PM] Finished generations: 30 successful, 0 unsuccessful
[2026/01/12 02:52:52 PM] Processing seeds ../../benchmarks/SMT-benchmarks/core/unsat/uuf50-0896.smt2 ../../benchmarks/SMT-benchmarks/core/unsat/uuf50-0933.smt2
[2026/01/12 02:52:53 PM] Attempting to generate 30 mutants
[2026/01/12 02:52:54 PM] Performed 2768 solver calls (4.7 calls/s, eff: 0.0%, 4.7 mutants/s)
[2026/01/12 02:52:56 PM] Performed 2779 solver calls (4.7 calls/s, eff: 0.0%, 4.7 mutants/s)
[2026/01/12 02:52:58 PM] Performed 2788 solver calls (4.7 calls/s, eff: 0.0%, 4.7 mutants/s)
[2026/01/12 02:52:59 PM] Finished generations: 30 successful, 0 unsuccessful
[2026/01/12 02:52:59 PM] Processing seeds ../../benchmarks/SMT-benchmarks/core/unsat/uuf50-0231.smt2 ../../benchmarks/SMT-benchmarks/core/unsat/uuf50-0856.smt2
[2026/01/12 02:52:59 PM] Attempting to generate 30 mutants
[2026/01/12 02:53:00 PM] Performed 2797 solver calls (4.7 calls/s, eff: 0.0%, 4.7 mutants/s)
[2026/01/12 02:53:03 PM] Performed 2807 solver calls (4.7 calls/s, eff: 0.0%, 4.7 mutants/s)
[2026/01/12 02:53:05 PM] Performed 2818 solver calls (4.7 calls/s, eff: 0.0%, 4.7 mutants/s)
[2026/01/12 02:53:05 PM] Finished generations: 30 successful, 0 unsuccessful
[2026/01/12 02:53:05 PM] Processing seeds ../../benchmarks/SMT-benchmarks/core/unsat/uuf50-0195.smt2 ../../benchmarks/SMT-benchmarks/core/unsat/uuf50-0252.smt2
[2026/01/12 02:53:05 PM] Attempting to generate 30 mutants
[2026/01/12 02:53:07 PM] Performed 2827 solver calls (4.7 calls/s, eff: 0.0%, 4.7 mutants/s)
[2026/01/12 02:53:09 PM] Performed 2838 solver calls (4.7 calls/s, eff: 0.0%, 4.7 mutants/s)
[2026/01/12 02:53:11 PM] Performed 2845 solver calls (4.7 calls/s, eff: 0.0%, 4.7 mutants/s)
[2026/01/12 02:53:12 PM] Finished generations: 30 successful, 0 unsuccessful
[2026/01/12 02:53:12 PM] Processing seeds ../../benchmarks/SMT-benchmarks/core/unsat/uuf50-0924.smt2 ../../benchmarks/SMT-benchmarks/core/unsat/uuf50-0765.smt2
[2026/01/12 02:53:12 PM] Attempting to generate 30 mutants
[2026/01/12 02:53:13 PM] Performed 2853 solver calls (4.7 calls/s, eff: 0.0%, 4.7 mutants/s)
[2026/01/12 02:53:15 PM] Performed 2864 solver calls (4.7 calls/s, eff: 0.0%, 4.7 mutants/s)
[2026/01/12 02:53:17 PM] Performed 2876 solver calls (4.7 calls/s, eff: 0.0%, 4.7 mutants/s)
[2026/01/12 02:53:18 PM] Finished generations: 30 successful, 0 unsuccessful
[2026/01/12 02:53:18 PM] Processing seeds ../../benchmarks/SMT-benchmarks/core/unsat/uuf50-0850.smt2 ../../benchmarks/SMT-benchmarks/core/unsat/uuf50-0663.smt2
[2026/01/12 02:53:18 PM] Attempting to generate 30 mutants
[2026/01/12 02:53:19 PM] Performed 2885 solver calls (4.7 calls/s, eff: 0.0%, 4.7 mutants/s)
[2026/01/12 02:53:21 PM] Performed 2896 solver calls (4.7 calls/s, eff: 0.0%, 4.7 mutants/s)
[2026/01/12 02:53:23 PM] Performed 2908 solver calls (4.7 calls/s, eff: 0.0%, 4.7 mutants/s)
[2026/01/12 02:53:24 PM] Finished generations: 30 successful, 0 unsuccessful
[2026/01/12 02:53:24 PM] Processing seeds ../../benchmarks/SMT-benchmarks/core/unsat/uuf50-065.smt2 ../../benchmarks/SMT-benchmarks/core/unsat/uuf50-028.smt2
[2026/01/12 02:53:24 PM] Attempting to generate 30 mutants
[2026/01/12 02:53:25 PM] Performed 2916 solver calls (4.7 calls/s, eff: 0.0%, 4.7 mutants/s)
[2026/01/12 02:53:28 PM] Performed 2928 solver calls (4.7 calls/s, eff: 0.0%, 4.7 mutants/s)
[2026/01/12 02:53:30 PM] Finished generations: 30 successful, 0 unsuccessful
[2026/01/12 02:53:30 PM] Processing seeds ../../benchmarks/SMT-benchmarks/core/unsat/uuf50-041.smt2 ../../benchmarks/SMT-benchmarks/core/unsat/uuf50-0258.smt2
[2026/01/12 02:53:30 PM] Attempting to generate 30 mutants
[2026/01/12 02:53:30 PM] Performed 2940 solver calls (4.7 calls/s, eff: 0.0%, 4.7 mutants/s)
[2026/01/12 02:53:32 PM] Performed 2951 solver calls (4.7 calls/s, eff: 0.0%, 4.7 mutants/s)
[2026/01/12 02:53:34 PM] Performed 2962 solver calls (4.7 calls/s, eff: 0.0%, 4.7 mutants/s)
[2026/01/12 02:53:36 PM] Finished generations: 30 successful, 0 unsuccessful
[2026/01/12 02:53:36 PM] Processing seeds ../../benchmarks/SMT-benchmarks/core/unsat/uuf50-0801.smt2 ../../benchmarks/SMT-benchmarks/core/unsat/uuf50-0606.smt2
[2026/01/12 02:53:37 PM] Attempting to generate 30 mutants
[2026/01/12 02:53:37 PM] Performed 2970 solver calls (4.7 calls/s, eff: 0.0%, 4.7 mutants/s)
[2026/01/12 02:53:39 PM] Performed 2982 solver calls (4.7 calls/s, eff: 0.0%, 4.7 mutants/s)
[2026/01/12 02:53:41 PM] Performed 2994 solver calls (4.7 calls/s, eff: 0.0%, 4.7 mutants/s)
[2026/01/12 02:53:42 PM] Finished generations: 30 successful, 0 unsuccessful
[2026/01/12 02:53:42 PM] Processing seeds ../../benchmarks/SMT-benchmarks/core/unsat/uuf50-0921.smt2 ../../benchmarks/SMT-benchmarks/core/unsat/uuf50-0585.smt2
[2026/01/12 02:53:44 PM] Attempting to generate 30 mutants
[2026/01/12 02:53:44 PM] Performed 3000 solver calls (4.7 calls/s, eff: 0.0%, 4.7 mutants/s)
[2026/01/12 02:53:46 PM] Performed 3008 solver calls (4.7 calls/s, eff: 0.0%, 4.7 mutants/s)
[2026/01/12 02:53:48 PM] Performed 3018 solver calls (4.7 calls/s, eff: 0.0%, 4.7 mutants/s)
[2026/01/12 02:53:50 PM] Finished generations: 30 successful, 0 unsuccessful
[2026/01/12 02:53:50 PM] Processing seeds ../../benchmarks/SMT-benchmarks/core/unsat/uuf50-0425.smt2 ../../benchmarks/SMT-benchmarks/core/unsat/uuf50-0976.smt2
[2026/01/12 02:53:50 PM] Attempting to generate 30 mutants
[2026/01/12 02:53:50 PM] Performed 3030 solver calls (4.7 calls/s, eff: 0.0%, 4.7 mutants/s)
[2026/01/12 02:53:53 PM] Performed 3041 solver calls (4.7 calls/s, eff: 0.0%, 4.7 mutants/s)
[2026/01/12 02:53:55 PM] Performed 3052 solver calls (4.7 calls/s, eff: 0.0%, 4.7 mutants/s)
[2026/01/12 02:53:56 PM] Finished generations: 30 successful, 0 unsuccessful
[2026/01/12 02:53:56 PM] Processing seeds ../../benchmarks/SMT-benchmarks/core/unsat/uuf50-022.smt2 ../../benchmarks/SMT-benchmarks/core/unsat/uuf50-0526.smt2
[2026/01/12 02:53:56 PM] Attempting to generate 30 mutants
[2026/01/12 02:53:57 PM] Performed 3061 solver calls (4.7 calls/s, eff: 0.0%, 4.7 mutants/s)
[2026/01/12 02:53:59 PM] Performed 3073 solver calls (4.7 calls/s, eff: 0.0%, 4.7 mutants/s)
[2026/01/12 02:54:01 PM] Performed 3083 solver calls (4.7 calls/s, eff: 0.0%, 4.7 mutants/s)
[2026/01/12 02:54:02 PM] Finished generations: 30 successful, 0 unsuccessful
[2026/01/12 02:54:02 PM] Processing seeds ../../benchmarks/SMT-benchmarks/core/unsat/uuf50-063.smt2 ../../benchmarks/SMT-benchmarks/core/unsat/uuf50-0786.smt2
[2026/01/12 02:54:03 PM] Attempting to generate 30 mutants
[2026/01/12 02:54:03 PM] Performed 3091 solver calls (4.7 calls/s, eff: 0.0%, 4.7 mutants/s)
[2026/01/12 02:54:05 PM] Performed 3102 solver calls (4.7 calls/s, eff: 0.0%, 4.7 mutants/s)
[2026/01/12 02:54:07 PM] Performed 3113 solver calls (4.7 calls/s, eff: 0.0%, 4.7 mutants/s)
[2026/01/12 02:54:08 PM] Finished generations: 30 successful, 0 unsuccessful
[2026/01/12 02:54:08 PM] Processing seeds ../../benchmarks/SMT-benchmarks/core/unsat/uuf50-0948.smt2 ../../benchmarks/SMT-benchmarks/core/unsat/uuf50-031.smt2
[2026/01/12 02:54:09 PM] Attempting to generate 30 mutants
[2026/01/12 02:54:09 PM] Performed 3122 solver calls (4.7 calls/s, eff: 0.0%, 4.7 mutants/s)
[2026/01/12 02:54:11 PM] Performed 3132 solver calls (4.7 calls/s, eff: 0.0%, 4.7 mutants/s)
[2026/01/12 02:54:13 PM] Performed 3143 solver calls (4.7 calls/s, eff: 0.0%, 4.7 mutants/s)
[2026/01/12 02:54:15 PM] Finished generations: 30 successful, 0 unsuccessful
[2026/01/12 02:54:15 PM] Processing seeds ../../benchmarks/SMT-benchmarks/core/unsat/uuf50-0593.smt2 ../../benchmarks/SMT-benchmarks/core/unsat/uuf50-0678.smt2
[2026/01/12 02:54:15 PM] Attempting to generate 30 mutants
[2026/01/12 02:54:15 PM] Performed 3151 solver calls (4.7 calls/s, eff: 0.0%, 4.7 mutants/s)
[2026/01/12 02:54:18 PM] Performed 3157 solver calls (4.7 calls/s, eff: 0.0%, 4.7 mutants/s)
[2026/01/12 02:54:20 PM] Performed 3168 solver calls (4.7 calls/s, eff: 0.0%, 4.7 mutants/s)
[2026/01/12 02:54:22 PM] Finished generations: 30 successful, 0 unsuccessful
[2026/01/12 02:54:22 PM] Processing seeds ../../benchmarks/SMT-benchmarks/core/unsat/uuf50-0807.smt2 ../../benchmarks/SMT-benchmarks/core/unsat/uuf50-0892.smt2
[2026/01/12 02:54:22 PM] Attempting to generate 30 mutants
[2026/01/12 02:54:22 PM] Performed 3180 solver calls (4.7 calls/s, eff: 0.0%, 4.7 mutants/s)
[2026/01/12 02:54:24 PM] Performed 3191 solver calls (4.7 calls/s, eff: 0.0%, 4.7 mutants/s)
[2026/01/12 02:54:26 PM] Performed 3203 solver calls (4.7 calls/s, eff: 0.0%, 4.7 mutants/s)
[2026/01/12 02:54:28 PM] Finished generations: 30 successful, 0 unsuccessful
[2026/01/12 02:54:28 PM] Processing seeds ../../benchmarks/SMT-benchmarks/core/unsat/uuf50-0644.smt2 ../../benchmarks/SMT-benchmarks/core/unsat/uuf50-037.smt2
[2026/01/12 02:54:28 PM] Attempting to generate 30 mutants
[2026/01/12 02:54:29 PM] Performed 3211 solver calls (4.7 calls/s, eff: 0.0%, 4.7 mutants/s)
[2026/01/12 02:54:31 PM] Performed 3224 solver calls (4.7 calls/s, eff: 0.0%, 4.7 mutants/s)
[2026/01/12 02:54:33 PM] Performed 3236 solver calls (4.7 calls/s, eff: 0.0%, 4.7 mutants/s)
[2026/01/12 02:54:33 PM] Finished generations: 30 successful, 0 unsuccessful
[2026/01/12 02:54:33 PM] Processing seeds ../../benchmarks/SMT-benchmarks/core/unsat/uuf50-0958.smt2 ../../benchmarks/SMT-benchmarks/core/unsat/uuf50-0987.smt2
[2026/01/12 02:54:34 PM] Attempting to generate 30 mutants
[2026/01/12 02:54:35 PM] Performed 3243 solver calls (4.7 calls/s, eff: 0.0%, 4.7 mutants/s)
[2026/01/12 02:54:37 PM] Performed 3255 solver calls (4.7 calls/s, eff: 0.0%, 4.7 mutants/s)
[2026/01/12 02:54:39 PM] Performed 3266 solver calls (4.7 calls/s, eff: 0.0%, 4.7 mutants/s)
[2026/01/12 02:54:40 PM] Finished generations: 30 successful, 0 unsuccessful
[2026/01/12 02:54:40 PM] Processing seeds ../../benchmarks/SMT-benchmarks/core/unsat/uuf50-082.smt2 ../../benchmarks/SMT-benchmarks/core/unsat/uuf50-0876.smt2
[2026/01/12 02:54:41 PM] Attempting to generate 30 mutants
[2026/01/12 02:54:41 PM] Performed 3273 solver calls (4.7 calls/s, eff: 0.0%, 4.7 mutants/s)
[2026/01/12 02:54:43 PM] Performed 3285 solver calls (4.7 calls/s, eff: 0.0%, 4.7 mutants/s)
[2026/01/12 02:54:46 PM] Performed 3296 solver calls (4.7 calls/s, eff: 0.0%, 4.7 mutants/s)
[2026/01/12 02:54:46 PM] Finished generations: 30 successful, 0 unsuccessful
[2026/01/12 02:54:46 PM] Processing seeds ../../benchmarks/SMT-benchmarks/core/unsat/uuf50-0372.smt2 ../../benchmarks/SMT-benchmarks/core/unsat/uuf50-0316.smt2
[2026/01/12 02:54:47 PM] Attempting to generate 30 mutants
[2026/01/12 02:54:48 PM] Performed 3305 solver calls (4.7 calls/s, eff: 0.0%, 4.7 mutants/s)
[2026/01/12 02:54:50 PM] Performed 3313 solver calls (4.7 calls/s, eff: 0.0%, 4.7 mutants/s)
[2026/01/12 02:54:52 PM] Performed 3324 solver calls (4.7 calls/s, eff: 0.0%, 4.7 mutants/s)
[2026/01/12 02:54:53 PM] Finished generations: 30 successful, 0 unsuccessful
[2026/01/12 02:54:53 PM] Processing seeds ../../benchmarks/SMT-benchmarks/core/unsat/uuf50-0177.smt2 ../../benchmarks/SMT-benchmarks/core/unsat/uuf50-053.smt2
[2026/01/12 02:54:54 PM] Attempting to generate 30 mutants
[2026/01/12 02:54:54 PM] Performed 3332 solver calls (4.7 calls/s, eff: 0.0%, 4.7 mutants/s)
[2026/01/12 02:54:56 PM] Performed 3343 solver calls (4.7 calls/s, eff: 0.0%, 4.7 mutants/s)
[2026/01/12 02:54:58 PM] Performed 3353 solver calls (4.7 calls/s, eff: 0.0%, 4.7 mutants/s)
[2026/01/12 02:55:00 PM] Finished generations: 30 successful, 0 unsuccessful
[2026/01/12 02:55:00 PM] Processing seeds ../../benchmarks/SMT-benchmarks/core/unsat/uuf50-0705.smt2 ../../benchmarks/SMT-benchmarks/core/unsat/uuf50-085.smt2
[2026/01/12 02:55:00 PM] Attempting to generate 30 mutants
[2026/01/12 02:55:00 PM] Performed 3361 solver calls (4.7 calls/s, eff: 0.0%, 4.7 mutants/s)
[2026/01/12 02:55:02 PM] Performed 3372 solver calls (4.7 calls/s, eff: 0.0%, 4.7 mutants/s)
[2026/01/12 02:55:04 PM] Performed 3383 solver calls (4.7 calls/s, eff: 0.0%, 4.7 mutants/s)
[2026/01/12 02:55:06 PM] Finished generations: 30 successful, 0 unsuccessful
[2026/01/12 02:55:06 PM] Processing seeds ../../benchmarks/SMT-benchmarks/core/unsat/uuf50-0233.smt2 ../../benchmarks/SMT-benchmarks/core/unsat/uuf50-0229.smt2
[2026/01/12 02:55:06 PM] Attempting to generate 30 mutants
[2026/01/12 02:55:07 PM] Performed 3391 solver calls (4.7 calls/s, eff: 0.0%, 4.7 mutants/s)
[2026/01/12 02:55:09 PM] Performed 3400 solver calls (4.7 calls/s, eff: 0.0%, 4.7 mutants/s)
[2026/01/12 02:55:11 PM] Performed 3411 solver calls (4.7 calls/s, eff: 0.0%, 4.7 mutants/s)
[2026/01/12 02:55:12 PM] Finished generations: 30 successful, 0 unsuccessful
[2026/01/12 02:55:12 PM] Processing seeds ../../benchmarks/SMT-benchmarks/core/unsat/uuf50-0897.smt2 ../../benchmarks/SMT-benchmarks/core/unsat/uuf50-095.smt2
[2026/01/12 02:55:13 PM] Attempting to generate 30 mutants
[2026/01/12 02:55:13 PM] Performed 3420 solver calls (4.7 calls/s, eff: 0.0%, 4.7 mutants/s)
[2026/01/12 02:55:15 PM] Performed 3431 solver calls (4.7 calls/s, eff: 0.0%, 4.7 mutants/s)
[2026/01/12 02:55:17 PM] Performed 3443 solver calls (4.7 calls/s, eff: 0.0%, 4.7 mutants/s)
[2026/01/12 02:55:18 PM] Finished generations: 30 successful, 0 unsuccessful
[2026/01/12 02:55:18 PM] Processing seeds ../../benchmarks/SMT-benchmarks/core/unsat/uuf50-0240.smt2 ../../benchmarks/SMT-benchmarks/core/unsat/uuf50-0411.smt2
[2026/01/12 02:55:19 PM] Attempting to generate 30 mutants
[2026/01/12 02:55:19 PM] Performed 3451 solver calls (4.7 calls/s, eff: 0.0%, 4.7 mutants/s)
[2026/01/12 02:55:21 PM] Performed 3462 solver calls (4.7 calls/s, eff: 0.0%, 4.7 mutants/s)
[2026/01/12 02:55:23 PM] Performed 3468 solver calls (4.7 calls/s, eff: 0.0%, 4.7 mutants/s)
[2026/01/12 02:55:26 PM] Performed 3478 solver calls (4.7 calls/s, eff: 0.0%, 4.7 mutants/s)
[2026/01/12 02:55:26 PM] Finished generations: 30 successful, 0 unsuccessful
[2026/01/12 02:55:26 PM] Processing seeds ../../benchmarks/SMT-benchmarks/core/unsat/uuf50-0170.smt2 ../../benchmarks/SMT-benchmarks/core/unsat/uuf50-0574.smt2
[2026/01/12 02:55:27 PM] Attempting to generate 30 mutants
[2026/01/12 02:55:28 PM] Performed 3484 solver calls (4.7 calls/s, eff: 0.0%, 4.7 mutants/s)
[2026/01/12 02:55:30 PM] Performed 3492 solver calls (4.7 calls/s, eff: 0.0%, 4.7 mutants/s)
[2026/01/12 02:55:32 PM] Performed 3502 solver calls (4.7 calls/s, eff: 0.0%, 4.7 mutants/s)
[2026/01/12 02:55:33 PM] Finished generations: 30 successful, 0 unsuccessful
[2026/01/12 02:55:33 PM] Processing seeds ../../benchmarks/SMT-benchmarks/core/unsat/uuf50-0345.smt2 ../../benchmarks/SMT-benchmarks/core/unsat/uuf50-061.smt2
[2026/01/12 02:55:34 PM] Attempting to generate 30 mutants
[2026/01/12 02:55:34 PM] Performed 3510 solver calls (4.7 calls/s, eff: 0.0%, 4.7 mutants/s)
[2026/01/12 02:55:36 PM] Performed 3522 solver calls (4.7 calls/s, eff: 0.0%, 4.7 mutants/s)
[2026/01/12 02:55:38 PM] Performed 3533 solver calls (4.7 calls/s, eff: 0.0%, 4.7 mutants/s)
[2026/01/12 02:55:40 PM] Finished generations: 30 successful, 0 unsuccessful
[2026/01/12 02:55:40 PM] Processing seeds ../../benchmarks/SMT-benchmarks/core/unsat/uuf50-0920.smt2 ../../benchmarks/SMT-benchmarks/core/unsat/uuf50-0415.smt2
[2026/01/12 02:55:40 PM] Attempting to generate 30 mutants
[2026/01/12 02:55:41 PM] Performed 3541 solver calls (4.7 calls/s, eff: 0.0%, 4.7 mutants/s)
[2026/01/12 02:55:43 PM] Performed 3552 solver calls (4.7 calls/s, eff: 0.0%, 4.7 mutants/s)
[2026/01/12 02:55:45 PM] Performed 3563 solver calls (4.7 calls/s, eff: 0.0%, 4.7 mutants/s)
[2026/01/12 02:55:46 PM] Finished generations: 30 successful, 0 unsuccessful
[2026/01/12 02:55:46 PM] Processing seeds ../../benchmarks/SMT-benchmarks/core/unsat/uuf50-0141.smt2 ../../benchmarks/SMT-benchmarks/core/unsat/uuf50-0435.smt2
[2026/01/12 02:55:46 PM] Attempting to generate 30 mutants
[2026/01/12 02:55:47 PM] Performed 3572 solver calls (4.7 calls/s, eff: 0.0%, 4.7 mutants/s)
[2026/01/12 02:55:49 PM] Performed 3583 solver calls (4.7 calls/s, eff: 0.0%, 4.7 mutants/s)
[2026/01/12 02:55:51 PM] Performed 3594 solver calls (4.7 calls/s, eff: 0.0%, 4.7 mutants/s)
[2026/01/12 02:55:52 PM] Finished generations: 30 successful, 0 unsuccessful
[2026/01/12 02:55:52 PM] Processing seeds ../../benchmarks/SMT-benchmarks/core/unsat/uuf50-0809.smt2 ../../benchmarks/SMT-benchmarks/core/unsat/uuf50-0331.smt2
[2026/01/12 02:55:53 PM] Attempting to generate 30 mutants
[2026/01/12 02:55:53 PM] Performed 3603 solver calls (4.7 calls/s, eff: 0.0%, 4.7 mutants/s)
[2026/01/12 02:55:55 PM] Performed 3614 solver calls (4.7 calls/s, eff: 0.0%, 4.7 mutants/s)
[2026/01/12 02:55:57 PM] Performed 3624 solver calls (4.7 calls/s, eff: 0.0%, 4.7 mutants/s)
[2026/01/12 02:55:59 PM] Finished generations: 30 successful, 0 unsuccessful
[2026/01/12 02:55:59 PM] Processing seeds ../../benchmarks/SMT-benchmarks/core/unsat/uuf50-0126.smt2 ../../benchmarks/SMT-benchmarks/core/unsat/uuf50-0697.smt2
[2026/01/12 02:55:59 PM] Attempting to generate 30 mutants
[2026/01/12 02:55:59 PM] Performed 3632 solver calls (4.7 calls/s, eff: 0.0%, 4.7 mutants/s)
[2026/01/12 02:56:02 PM] Performed 3642 solver calls (4.7 calls/s, eff: 0.0%, 4.7 mutants/s)
[2026/01/12 02:56:04 PM] Performed 3654 solver calls (4.7 calls/s, eff: 0.0%, 4.7 mutants/s)
[2026/01/12 02:56:05 PM] Finished generations: 30 successful, 0 unsuccessful
[2026/01/12 02:56:05 PM] Processing seeds ../../benchmarks/SMT-benchmarks/core/unsat/uuf50-0395.smt2 ../../benchmarks/SMT-benchmarks/core/unsat/uuf50-026.smt2
[2026/01/12 02:56:05 PM] Attempting to generate 30 mutants
[2026/01/12 02:56:06 PM] Performed 3662 solver calls (4.7 calls/s, eff: 0.0%, 4.7 mutants/s)
[2026/01/12 02:56:08 PM] Performed 3671 solver calls (4.7 calls/s, eff: 0.0%, 4.7 mutants/s)
[2026/01/12 02:56:10 PM] Performed 3681 solver calls (4.7 calls/s, eff: 0.0%, 4.7 mutants/s)
[2026/01/12 02:56:12 PM] Performed 3689 solver calls (4.7 calls/s, eff: 0.0%, 4.7 mutants/s)
[2026/01/12 02:56:12 PM] Finished generations: 30 successful, 0 unsuccessful
[2026/01/12 02:56:12 PM] Processing seeds ../../benchmarks/SMT-benchmarks/core/unsat/uuf50-0396.smt2 ../../benchmarks/SMT-benchmarks/core/unsat/uuf50-0116.smt2
[2026/01/12 02:56:13 PM] Attempting to generate 30 mutants
[2026/01/12 02:56:14 PM] Performed 3696 solver calls (4.7 calls/s, eff: 0.0%, 4.7 mutants/s)
[2026/01/12 02:56:16 PM] Performed 3708 solver calls (4.7 calls/s, eff: 0.0%, 4.7 mutants/s)
[2026/01/12 02:56:18 PM] Finished generations: 30 successful, 0 unsuccessful
[2026/01/12 02:56:18 PM] Processing seeds ../../benchmarks/SMT-benchmarks/core/unsat/uuf50-0369.smt2 ../../benchmarks/SMT-benchmarks/core/unsat/uuf50-0755.smt2
[2026/01/12 02:56:19 PM] Attempting to generate 30 mutants
[2026/01/12 02:56:19 PM] Performed 3720 solver calls (4.7 calls/s, eff: 0.0%, 4.7 mutants/s)
[2026/01/12 02:56:21 PM] Performed 3731 solver calls (4.7 calls/s, eff: 0.0%, 4.7 mutants/s)
[2026/01/12 02:56:23 PM] Performed 3743 solver calls (4.7 calls/s, eff: 0.0%, 4.7 mutants/s)
[2026/01/12 02:56:24 PM] Finished generations: 30 successful, 0 unsuccessful
[2026/01/12 02:56:24 PM] Processing seeds ../../benchmarks/SMT-benchmarks/core/unsat/uuf50-0510.smt2 ../../benchmarks/SMT-benchmarks/core/unsat/uuf50-0121.smt2
[2026/01/12 02:56:25 PM] Attempting to generate 30 mutants
[2026/01/12 02:56:25 PM] Performed 3751 solver calls (4.7 calls/s, eff: 0.0%, 4.7 mutants/s)
[2026/01/12 02:56:27 PM] Performed 3762 solver calls (4.7 calls/s, eff: 0.0%, 4.7 mutants/s)
[2026/01/12 02:56:29 PM] Performed 3773 solver calls (4.7 calls/s, eff: 0.0%, 4.7 mutants/s)
[2026/01/12 02:56:31 PM] Finished generations: 30 successful, 0 unsuccessful
[2026/01/12 02:56:31 PM] Processing seeds ../../benchmarks/SMT-benchmarks/core/unsat/uuf50-0667.smt2 ../../benchmarks/SMT-benchmarks/core/unsat/uuf50-0465.smt2
[2026/01/12 02:56:31 PM] Attempting to generate 30 mutants
[2026/01/12 02:56:32 PM] Performed 3781 solver calls (4.7 calls/s, eff: 0.0%, 4.7 mutants/s)
[2026/01/12 02:56:34 PM] Performed 3792 solver calls (4.7 calls/s, eff: 0.0%, 4.7 mutants/s)
[2026/01/12 02:56:36 PM] Performed 3803 solver calls (4.7 calls/s, eff: 0.0%, 4.7 mutants/s)
[2026/01/12 02:56:37 PM] Finished generations: 30 successful, 0 unsuccessful
[2026/01/12 02:56:37 PM] Processing seeds ../../benchmarks/SMT-benchmarks/core/unsat/uuf50-0778.smt2 ../../benchmarks/SMT-benchmarks/core/unsat/uuf50-0701.smt2
[2026/01/12 02:56:38 PM] Attempting to generate 30 mutants
[2026/01/12 02:56:38 PM] Performed 3811 solver calls (4.7 calls/s, eff: 0.0%, 4.7 mutants/s)
[2026/01/12 02:56:40 PM] Performed 3822 solver calls (4.7 calls/s, eff: 0.0%, 4.7 mutants/s)
[2026/01/12 02:56:42 PM] Performed 3833 solver calls (4.7 calls/s, eff: 0.0%, 4.7 mutants/s)
[2026/01/12 02:56:43 PM] Finished generations: 30 successful, 0 unsuccessful
[2026/01/12 02:56:43 PM] Processing seeds ../../benchmarks/SMT-benchmarks/core/unsat/uuf50-0612.smt2 ../../benchmarks/SMT-benchmarks/core/unsat/uuf50-0419.smt2
[2026/01/12 02:56:45 PM] Attempting to generate 30 mutants
[2026/01/12 02:56:45 PM] Performed 3840 solver calls (4.7 calls/s, eff: 0.0%, 4.7 mutants/s)
[2026/01/12 02:56:47 PM] Performed 3851 solver calls (4.7 calls/s, eff: 0.0%, 4.7 mutants/s)
[2026/01/12 02:56:49 PM] Performed 3861 solver calls (4.7 calls/s, eff: 0.0%, 4.7 mutants/s)
[2026/01/12 02:56:50 PM] Finished generations: 30 successful, 0 unsuccessful
[2026/01/12 02:56:50 PM] Processing seeds ../../benchmarks/SMT-benchmarks/core/unsat/uuf50-0159.smt2 ../../benchmarks/SMT-benchmarks/core/unsat/uuf50-0690.smt2
[2026/01/12 02:56:51 PM] Attempting to generate 30 mutants
[2026/01/12 02:56:51 PM] Performed 3870 solver calls (4.7 calls/s, eff: 0.0%, 4.7 mutants/s)
[2026/01/12 02:56:53 PM] Performed 3882 solver calls (4.7 calls/s, eff: 0.0%, 4.7 mutants/s)
[2026/01/12 02:56:55 PM] Performed 3893 solver calls (4.7 calls/s, eff: 0.0%, 4.7 mutants/s)
[2026/01/12 02:56:57 PM] Finished generations: 30 successful, 0 unsuccessful
[2026/01/12 02:56:57 PM] Processing seeds ../../benchmarks/SMT-benchmarks/core/unsat/uuf50-0495.smt2 ../../benchmarks/SMT-benchmarks/core/unsat/uuf50-0595.smt2
[2026/01/12 02:56:57 PM] Attempting to generate 30 mutants
[2026/01/12 02:56:57 PM] Performed 3900 solver calls (4.7 calls/s, eff: 0.0%, 4.7 mutants/s)
[2026/01/12 02:56:59 PM] Performed 3911 solver calls (4.7 calls/s, eff: 0.0%, 4.7 mutants/s)
[2026/01/12 02:57:01 PM] Performed 3921 solver calls (4.7 calls/s, eff: 0.0%, 4.7 mutants/s)
[2026/01/12 02:57:03 PM] Finished generations: 30 successful, 0 unsuccessful
[2026/01/12 02:57:03 PM] Processing seeds ../../benchmarks/SMT-benchmarks/core/unsat/uuf50-0317.smt2 ../../benchmarks/SMT-benchmarks/core/unsat/uuf50-0710.smt2
[2026/01/12 02:57:03 PM] Attempting to generate 30 mutants
[2026/01/12 02:57:03 PM] Performed 3930 solver calls (4.7 calls/s, eff: 0.0%, 4.7 mutants/s)
[2026/01/12 02:57:06 PM] Performed 3941 solver calls (4.7 calls/s, eff: 0.0%, 4.7 mutants/s)
[2026/01/12 02:57:08 PM] Performed 3952 solver calls (4.7 calls/s, eff: 0.0%, 4.7 mutants/s)
[2026/01/12 02:57:09 PM] Finished generations: 30 successful, 0 unsuccessful
[2026/01/12 02:57:09 PM] Processing seeds ../../benchmarks/SMT-benchmarks/core/unsat/uuf50-0858.smt2 ../../benchmarks/SMT-benchmarks/core/unsat/uuf50-0516.smt2
[2026/01/12 02:57:10 PM] Attempting to generate 30 mutants
[2026/01/12 02:57:10 PM] Performed 3961 solver calls (4.7 calls/s, eff: 0.0%, 4.7 mutants/s)
[2026/01/12 02:57:12 PM] Performed 3972 solver calls (4.7 calls/s, eff: 0.0%, 4.7 mutants/s)
[2026/01/12 02:57:14 PM] Performed 3983 solver calls (4.7 calls/s, eff: 0.0%, 4.7 mutants/s)
[2026/01/12 02:57:15 PM] Finished generations: 30 successful, 0 unsuccessful
[2026/01/12 02:57:15 PM] Processing seeds ../../benchmarks/SMT-benchmarks/core/unsat/uuf50-0762.smt2 ../../benchmarks/SMT-benchmarks/core/unsat/uuf50-0578.smt2
[2026/01/12 02:57:16 PM] Attempting to generate 30 mutants
[2026/01/12 02:57:16 PM] Performed 3991 solver calls (4.7 calls/s, eff: 0.0%, 4.7 mutants/s)
[2026/01/12 02:57:18 PM] Performed 4002 solver calls (4.7 calls/s, eff: 0.0%, 4.7 mutants/s)
[2026/01/12 02:57:20 PM] Performed 4013 solver calls (4.7 calls/s, eff: 0.0%, 4.7 mutants/s)
[2026/01/12 02:57:21 PM] Finished generations: 30 successful, 0 unsuccessful
[2026/01/12 02:57:21 PM] Processing seeds ../../benchmarks/SMT-benchmarks/core/unsat/uuf50-0358.smt2 ../../benchmarks/SMT-benchmarks/core/unsat/uuf50-0774.smt2
[2026/01/12 02:57:22 PM] Attempting to generate 30 mutants
[2026/01/12 02:57:22 PM] Performed 4022 solver calls (4.7 calls/s, eff: 0.0%, 4.7 mutants/s)
[2026/01/12 02:57:25 PM] Performed 4034 solver calls (4.7 calls/s, eff: 0.0%, 4.7 mutants/s)
[2026/01/12 02:57:27 PM] Performed 4046 solver calls (4.7 calls/s, eff: 0.0%, 4.7 mutants/s)
[2026/01/12 02:57:27 PM] Finished generations: 30 successful, 0 unsuccessful
[2026/01/12 02:57:27 PM] Processing seeds ../../benchmarks/SMT-benchmarks/core/unsat/uuf50-0798.smt2 ../../benchmarks/SMT-benchmarks/core/unsat/uuf50-0778.smt2
[2026/01/12 02:57:28 PM] Attempting to generate 30 mutants
[2026/01/12 02:57:29 PM] Performed 4053 solver calls (4.7 calls/s, eff: 0.0%, 4.7 mutants/s)
[2026/01/12 02:57:31 PM] Performed 4064 solver calls (4.7 calls/s, eff: 0.0%, 4.7 mutants/s)
[2026/01/12 02:57:33 PM] Performed 4076 solver calls (4.7 calls/s, eff: 0.0%, 4.7 mutants/s)
[2026/01/12 02:57:34 PM] Finished generations: 30 successful, 0 unsuccessful
[2026/01/12 02:57:34 PM] Processing seeds ../../benchmarks/SMT-benchmarks/core/unsat/uuf50-0702.smt2 ../../benchmarks/SMT-benchmarks/core/unsat/uuf50-0408.smt2
[2026/01/12 02:57:34 PM] Attempting to generate 30 mutants
[2026/01/12 02:57:35 PM] Performed 4085 solver calls (4.7 calls/s, eff: 0.0%, 4.7 mutants/s)
[2026/01/12 02:57:37 PM] Performed 4097 solver calls (4.7 calls/s, eff: 0.0%, 4.7 mutants/s)
[2026/01/12 02:57:39 PM] Performed 4108 solver calls (4.7 calls/s, eff: 0.0%, 4.7 mutants/s)
[2026/01/12 02:57:40 PM] Finished generations: 30 successful, 0 unsuccessful
[2026/01/12 02:57:40 PM] Processing seeds ../../benchmarks/SMT-benchmarks/core/unsat/uuf50-052.smt2 ../../benchmarks/SMT-benchmarks/core/unsat/uuf50-0205.smt2
[2026/01/12 02:57:40 PM] Attempting to generate 30 mutants
[2026/01/12 02:57:41 PM] Performed 4117 solver calls (4.7 calls/s, eff: 0.0%, 4.7 mutants/s)
[2026/01/12 02:57:44 PM] Performed 4129 solver calls (4.7 calls/s, eff: 0.0%, 4.7 mutants/s)
[2026/01/12 02:57:45 PM] Finished generations: 30 successful, 0 unsuccessful
[2026/01/12 02:57:45 PM] Processing seeds ../../benchmarks/SMT-benchmarks/core/unsat/uuf50-0880.smt2 ../../benchmarks/SMT-benchmarks/core/unsat/uuf50-0195.smt2
[2026/01/12 02:57:46 PM] Attempting to generate 30 mutants
[2026/01/12 02:57:46 PM] Performed 4140 solver calls (4.7 calls/s, eff: 0.0%, 4.7 mutants/s)
[2026/01/12 02:57:48 PM] Performed 4152 solver calls (4.7 calls/s, eff: 0.0%, 4.7 mutants/s)
[2026/01/12 02:57:50 PM] Performed 4161 solver calls (4.7 calls/s, eff: 0.0%, 4.7 mutants/s)
[2026/01/12 02:57:52 PM] Finished generations: 30 successful, 0 unsuccessful
[2026/01/12 02:57:52 PM] Processing seeds ../../benchmarks/SMT-benchmarks/core/unsat/uuf50-0548.smt2 ../../benchmarks/SMT-benchmarks/core/unsat/uuf50-0336.smt2
[2026/01/12 02:57:53 PM] Attempting to generate 30 mutants
[2026/01/12 02:57:53 PM] Performed 4170 solver calls (4.7 calls/s, eff: 0.0%, 4.7 mutants/s)
[2026/01/12 02:57:55 PM] Performed 4180 solver calls (4.7 calls/s, eff: 0.0%, 4.7 mutants/s)
[2026/01/12 02:57:57 PM] Performed 4188 solver calls (4.7 calls/s, eff: 0.0%, 4.7 mutants/s)
[2026/01/12 02:57:59 PM] Performed 4196 solver calls (4.7 calls/s, eff: 0.0%, 4.7 mutants/s)
[2026/01/12 02:58:00 PM] Finished generations: 30 successful, 0 unsuccessful
[2026/01/12 02:58:00 PM] Processing seeds ../../benchmarks/SMT-benchmarks/core/unsat/uuf50-0370.smt2 ../../benchmarks/SMT-benchmarks/core/unsat/uuf50-0929.smt2
[2026/01/12 02:58:01 PM] Attempting to generate 30 mutants
[2026/01/12 02:58:01 PM] Performed 4202 solver calls (4.7 calls/s, eff: 0.0%, 4.7 mutants/s)
[2026/01/12 02:58:03 PM] Performed 4212 solver calls (4.7 calls/s, eff: 0.0%, 4.7 mutants/s)
[2026/01/12 02:58:06 PM] Performed 4222 solver calls (4.7 calls/s, eff: 0.0%, 4.7 mutants/s)
[2026/01/12 02:58:08 PM] Finished generations: 30 successful, 0 unsuccessful
[2026/01/12 02:58:08 PM] Processing seeds ../../benchmarks/SMT-benchmarks/core/unsat/uuf50-03.smt2 ../../benchmarks/SMT-benchmarks/core/unsat/uuf50-0856.smt2
[2026/01/12 02:58:09 PM] Attempting to generate 30 mutants
[2026/01/12 02:58:09 PM] Performed 4230 solver calls (4.7 calls/s, eff: 0.0%, 4.7 mutants/s)
[2026/01/12 02:58:11 PM] Performed 4239 solver calls (4.7 calls/s, eff: 0.0%, 4.7 mutants/s)
[2026/01/12 02:58:13 PM] Performed 4250 solver calls (4.7 calls/s, eff: 0.0%, 4.7 mutants/s)
[2026/01/12 02:58:15 PM] Finished generations: 30 successful, 0 unsuccessful
[2026/01/12 02:58:15 PM] Processing seeds ../../benchmarks/SMT-benchmarks/core/unsat/uuf50-0367.smt2 ../../benchmarks/SMT-benchmarks/core/unsat/uuf50-0768.smt2
[2026/01/12 02:58:15 PM] Attempting to generate 30 mutants
[2026/01/12 02:58:15 PM] Performed 4260 solver calls (4.7 calls/s, eff: 0.0%, 4.7 mutants/s)
[2026/01/12 02:58:17 PM] Performed 4270 solver calls (4.7 calls/s, eff: 0.0%, 4.7 mutants/s)
[2026/01/12 02:58:20 PM] Performed 4280 solver calls (4.7 calls/s, eff: 0.0%, 4.7 mutants/s)
[2026/01/12 02:58:22 PM] Performed 4287 solver calls (4.7 calls/s, eff: 0.0%, 4.7 mutants/s)
[2026/01/12 02:58:22 PM] Finished generations: 30 successful, 0 unsuccessful
[2026/01/12 02:58:22 PM] Processing seeds ../../benchmarks/SMT-benchmarks/core/unsat/uuf50-0870.smt2 ../../benchmarks/SMT-benchmarks/core/unsat/uuf50-0630.smt2
[2026/01/12 02:58:23 PM] Attempting to generate 30 mutants
[2026/01/12 02:58:24 PM] Performed 4294 solver calls (4.7 calls/s, eff: 0.0%, 4.7 mutants/s)
[2026/01/12 02:58:26 PM] Performed 4305 solver calls (4.7 calls/s, eff: 0.0%, 4.7 mutants/s)
[2026/01/12 02:58:28 PM] Performed 4314 solver calls (4.7 calls/s, eff: 0.0%, 4.7 mutants/s)
[2026/01/12 02:58:30 PM] Finished generations: 30 successful, 0 unsuccessful
[2026/01/12 02:58:30 PM] Processing seeds ../../benchmarks/SMT-benchmarks/core/unsat/uuf50-0220.smt2 ../../benchmarks/SMT-benchmarks/core/unsat/uuf50-0495.smt2
[2026/01/12 02:58:30 PM] Attempting to generate 30 mutants
[2026/01/12 02:58:30 PM] Performed 4320 solver calls (4.7 calls/s, eff: 0.0%, 4.7 mutants/s)
[2026/01/12 02:58:32 PM] Performed 4331 solver calls (4.7 calls/s, eff: 0.0%, 4.7 mutants/s)
[2026/01/12 02:58:35 PM] Performed 4342 solver calls (4.7 calls/s, eff: 0.0%, 4.7 mutants/s)
[2026/01/12 02:58:36 PM] Finished generations: 30 successful, 0 unsuccessful
[2026/01/12 02:58:36 PM] Processing seeds ../../benchmarks/SMT-benchmarks/core/unsat/uuf50-081.smt2 ../../benchmarks/SMT-benchmarks/core/unsat/uuf50-0421.smt2
[2026/01/12 02:58:37 PM] Attempting to generate 30 mutants
[2026/01/12 02:58:37 PM] Performed 4350 solver calls (4.7 calls/s, eff: 0.0%, 4.7 mutants/s)
[2026/01/12 02:58:39 PM] Performed 4361 solver calls (4.7 calls/s, eff: 0.0%, 4.7 mutants/s)
[2026/01/12 02:58:41 PM] Performed 4372 solver calls (4.7 calls/s, eff: 0.0%, 4.7 mutants/s)
[2026/01/12 02:58:42 PM] Finished generations: 30 successful, 0 unsuccessful
[2026/01/12 02:58:42 PM] Processing seeds ../../benchmarks/SMT-benchmarks/core/unsat/uuf50-0797.smt2 ../../benchmarks/SMT-benchmarks/core/unsat/uuf50-0502.smt2
[2026/01/12 02:58:43 PM] Attempting to generate 30 mutants
[2026/01/12 02:58:43 PM] Performed 4381 solver calls (4.7 calls/s, eff: 0.0%, 4.7 mutants/s)
[2026/01/12 02:58:45 PM] Performed 4390 solver calls (4.7 calls/s, eff: 0.0%, 4.7 mutants/s)
[2026/01/12 02:58:48 PM] Performed 4399 solver calls (4.7 calls/s, eff: 0.0%, 4.7 mutants/s)
[2026/01/12 02:58:50 PM] Performed 4407 solver calls (4.7 calls/s, eff: 0.0%, 4.7 mutants/s)
[2026/01/12 02:58:51 PM] Finished generations: 30 successful, 0 unsuccessful
[2026/01/12 02:58:51 PM] Processing seeds ../../benchmarks/SMT-benchmarks/core/unsat/uuf50-0297.smt2 ../../benchmarks/SMT-benchmarks/core/unsat/uuf50-0286.smt2
[2026/01/12 02:58:52 PM] Attempting to generate 30 mutants
[2026/01/12 02:58:52 PM] Performed 4411 solver calls (4.7 calls/s, eff: 0.0%, 4.7 mutants/s)
[2026/01/12 02:58:54 PM] Performed 4417 solver calls (4.7 calls/s, eff: 0.0%, 4.7 mutants/s)
[2026/01/12 02:58:56 PM] Performed 4426 solver calls (4.7 calls/s, eff: 0.0%, 4.7 mutants/s)
[2026/01/12 02:58:58 PM] Performed 4433 solver calls (4.7 calls/s, eff: 0.0%, 4.7 mutants/s)
[2026/01/12 02:59:00 PM] Finished generations: 30 successful, 0 unsuccessful
[2026/01/12 02:59:00 PM] Processing seeds ../../benchmarks/SMT-benchmarks/core/unsat/uuf50-0764.smt2 ../../benchmarks/SMT-benchmarks/core/unsat/uuf50-0829.smt2
[2026/01/12 02:59:01 PM] Attempting to generate 30 mutants
[2026/01/12 02:59:01 PM] Performed 4440 solver calls (4.6 calls/s, eff: 0.0%, 4.6 mutants/s)
[2026/01/12 02:59:03 PM] Performed 4450 solver calls (4.6 calls/s, eff: 0.0%, 4.6 mutants/s)
[2026/01/12 02:59:05 PM] Performed 4460 solver calls (4.6 calls/s, eff: 0.0%, 4.6 mutants/s)
[2026/01/12 02:59:07 PM] Finished generations: 30 successful, 0 unsuccessful
[2026/01/12 02:59:07 PM] Processing seeds ../../benchmarks/SMT-benchmarks/core/unsat/uuf50-0177.smt2 ../../benchmarks/SMT-benchmarks/core/unsat/uuf50-0514.smt2
[2026/01/12 02:59:07 PM] Attempting to generate 30 mutants
[2026/01/12 02:59:07 PM] Performed 4470 solver calls (4.6 calls/s, eff: 0.0%, 4.6 mutants/s)
[2026/01/12 02:59:09 PM] Performed 4480 solver calls (4.6 calls/s, eff: 0.0%, 4.6 mutants/s)
[2026/01/12 02:59:11 PM] Performed 4492 solver calls (4.7 calls/s, eff: 0.0%, 4.7 mutants/s)
[2026/01/12 02:59:13 PM] Finished generations: 30 successful, 0 unsuccessful
[2026/01/12 02:59:13 PM] Processing seeds ../../benchmarks/SMT-benchmarks/core/unsat/uuf50-029.smt2 ../../benchmarks/SMT-benchmarks/core/unsat/uuf50-046.smt2
[2026/01/12 02:59:13 PM] Attempting to generate 30 mutants
[2026/01/12 02:59:14 PM] Performed 4501 solver calls (4.6 calls/s, eff: 0.0%, 4.6 mutants/s)
[2026/01/12 02:59:16 PM] Performed 4512 solver calls (4.7 calls/s, eff: 0.0%, 4.7 mutants/s)
[2026/01/12 02:59:18 PM] Performed 4524 solver calls (4.7 calls/s, eff: 0.0%, 4.7 mutants/s)
[2026/01/12 02:59:19 PM] Finished generations: 30 successful, 0 unsuccessful
[2026/01/12 02:59:19 PM] Processing seeds ../../benchmarks/SMT-benchmarks/core/unsat/uuf50-0370.smt2 ../../benchmarks/SMT-benchmarks/core/unsat/uuf50-0275.smt2
[2026/01/12 02:59:19 PM] Attempting to generate 30 mutants
[2026/01/12 02:59:20 PM] Performed 4531 solver calls (4.7 calls/s, eff: 0.0%, 4.7 mutants/s)
[2026/01/12 02:59:22 PM] Performed 4542 solver calls (4.7 calls/s, eff: 0.0%, 4.7 mutants/s)
[2026/01/12 02:59:24 PM] Performed 4553 solver calls (4.7 calls/s, eff: 0.0%, 4.7 mutants/s)
[2026/01/12 02:59:25 PM] Finished generations: 30 successful, 0 unsuccessful
[2026/01/12 02:59:25 PM] Processing seeds ../../benchmarks/SMT-benchmarks/core/unsat/uuf50-0368.smt2 ../../benchmarks/SMT-benchmarks/core/unsat/uuf50-0985.smt2
[2026/01/12 02:59:26 PM] Attempting to generate 30 mutants
[2026/01/12 02:59:26 PM] Performed 4561 solver calls (4.7 calls/s, eff: 0.0%, 4.7 mutants/s)
[2026/01/12 02:59:28 PM] Performed 4568 solver calls (4.6 calls/s, eff: 0.0%, 4.6 mutants/s)
[2026/01/12 02:59:31 PM] Performed 4575 solver calls (4.6 calls/s, eff: 0.0%, 4.6 mutants/s)
[2026/01/12 02:59:33 PM] Performed 4583 solver calls (4.6 calls/s, eff: 0.0%, 4.6 mutants/s)
[2026/01/12 02:59:34 PM] Finished generations: 30 successful, 0 unsuccessful
[2026/01/12 02:59:34 PM] Processing seeds ../../benchmarks/SMT-benchmarks/core/unsat/uuf50-0235.smt2 ../../benchmarks/SMT-benchmarks/core/unsat/uuf50-0736.smt2
[2026/01/12 02:59:35 PM] Attempting to generate 30 mutants
[2026/01/12 02:59:35 PM] Performed 4590 solver calls (4.6 calls/s, eff: 0.0%, 4.6 mutants/s)
[2026/01/12 02:59:37 PM] Performed 4601 solver calls (4.6 calls/s, eff: 0.0%, 4.6 mutants/s)
[2026/01/12 02:59:39 PM] Performed 4612 solver calls (4.6 calls/s, eff: 0.0%, 4.6 mutants/s)
[2026/01/12 02:59:41 PM] Finished generations: 30 successful, 0 unsuccessful
[2026/01/12 02:59:41 PM] Processing seeds ../../benchmarks/SMT-benchmarks/core/unsat/uuf50-0888.smt2 ../../benchmarks/SMT-benchmarks/core/unsat/uuf50-020.smt2
[2026/01/12 02:59:41 PM] Attempting to generate 30 mutants
[2026/01/12 02:59:41 PM] Performed 4620 solver calls (4.6 calls/s, eff: 0.0%, 4.6 mutants/s)
[2026/01/12 02:59:43 PM] Performed 4631 solver calls (4.6 calls/s, eff: 0.0%, 4.6 mutants/s)
[2026/01/12 02:59:45 PM] Performed 4641 solver calls (4.6 calls/s, eff: 0.0%, 4.6 mutants/s)
[2026/01/12 02:59:47 PM] Finished generations: 30 successful, 0 unsuccessful
[2026/01/12 02:59:47 PM] Processing seeds ../../benchmarks/SMT-benchmarks/core/unsat/uuf50-0301.smt2 ../../benchmarks/SMT-benchmarks/core/unsat/uuf50-0655.smt2
[2026/01/12 02:59:48 PM] Attempting to generate 30 mutants
[2026/01/12 02:59:48 PM] Performed 4650 solver calls (4.6 calls/s, eff: 0.0%, 4.6 mutants/s)
[2026/01/12 02:59:50 PM] Performed 4661 solver calls (4.6 calls/s, eff: 0.0%, 4.6 mutants/s)
[2026/01/12 02:59:52 PM] Performed 4672 solver calls (4.6 calls/s, eff: 0.0%, 4.6 mutants/s)
[2026/01/12 02:59:54 PM] Finished generations: 30 successful, 0 unsuccessful
[2026/01/12 02:59:54 PM] Processing seeds ../../benchmarks/SMT-benchmarks/core/unsat/uuf50-0968.smt2 ../../benchmarks/SMT-benchmarks/core/unsat/uuf50-0232.smt2
[2026/01/12 02:59:54 PM] Attempting to generate 30 mutants
[2026/01/12 02:59:54 PM] Performed 4680 solver calls (4.6 calls/s, eff: 0.0%, 4.6 mutants/s)
[2026/01/12 02:59:56 PM] Performed 4691 solver calls (4.6 calls/s, eff: 0.0%, 4.6 mutants/s)
[2026/01/12 02:59:58 PM] Performed 4700 solver calls (4.6 calls/s, eff: 0.0%, 4.6 mutants/s)
[2026/01/12 03:00:00 PM] Performed 4707 solver calls (4.6 calls/s, eff: 0.0%, 4.6 mutants/s)
[2026/01/12 03:00:01 PM] Finished generations: 30 successful, 0 unsuccessful
[2026/01/12 03:00:01 PM] Processing seeds ../../benchmarks/SMT-benchmarks/core/unsat/uuf50-0617.smt2 ../../benchmarks/SMT-benchmarks/core/unsat/uuf50-0240.smt2
[2026/01/12 03:00:01 PM] Attempting to generate 30 mutants
[2026/01/12 03:00:02 PM] Performed 4715 solver calls (4.6 calls/s, eff: 0.0%, 4.6 mutants/s)
[2026/01/12 03:00:04 PM] Performed 4726 solver calls (4.6 calls/s, eff: 0.0%, 4.6 mutants/s)
[2026/01/12 03:00:06 PM] Performed 4736 solver calls (4.6 calls/s, eff: 0.0%, 4.6 mutants/s)
[2026/01/12 03:00:07 PM] Finished generations: 30 successful, 0 unsuccessful
[2026/01/12 03:00:07 PM] Processing seeds ../../benchmarks/SMT-benchmarks/core/unsat/uuf50-0901.smt2 ../../benchmarks/SMT-benchmarks/core/unsat/uuf50-0921.smt2
[2026/01/12 03:00:08 PM] Attempting to generate 30 mutants
[2026/01/12 03:00:09 PM] Performed 4745 solver calls (4.6 calls/s, eff: 0.0%, 4.6 mutants/s)
[2026/01/12 03:00:11 PM] Performed 4756 solver calls (4.6 calls/s, eff: 0.0%, 4.6 mutants/s)
[2026/01/12 03:00:13 PM] Performed 4768 solver calls (4.6 calls/s, eff: 0.0%, 4.6 mutants/s)
[2026/01/12 03:00:13 PM] Finished generations: 30 successful, 0 unsuccessful
[2026/01/12 03:00:13 PM] Processing seeds ../../benchmarks/SMT-benchmarks/core/unsat/uuf50-0756.smt2 ../../benchmarks/SMT-benchmarks/core/unsat/uuf50-073.smt2
[2026/01/12 03:00:14 PM] Attempting to generate 30 mutants
[2026/01/12 03:00:15 PM] Performed 4775 solver calls (4.6 calls/s, eff: 0.0%, 4.6 mutants/s)
[2026/01/12 03:00:17 PM] Performed 4786 solver calls (4.6 calls/s, eff: 0.0%, 4.6 mutants/s)
[2026/01/12 03:00:19 PM] Performed 4797 solver calls (4.6 calls/s, eff: 0.0%, 4.6 mutants/s)
[2026/01/12 03:00:20 PM] Finished generations: 30 successful, 0 unsuccessful
[2026/01/12 03:00:20 PM] Processing seeds ../../benchmarks/SMT-benchmarks/core/unsat/uuf50-0825.smt2 ../../benchmarks/SMT-benchmarks/core/unsat/uuf50-0565.smt2
[2026/01/12 03:00:20 PM] Attempting to generate 30 mutants
[2026/01/12 03:00:21 PM] Performed 4805 solver calls (4.6 calls/s, eff: 0.0%, 4.6 mutants/s)
[2026/01/12 03:00:23 PM] Performed 4816 solver calls (4.6 calls/s, eff: 0.0%, 4.6 mutants/s)
[2026/01/12 03:00:25 PM] Performed 4828 solver calls (4.6 calls/s, eff: 0.0%, 4.6 mutants/s)
[2026/01/12 03:00:26 PM] Finished generations: 30 successful, 0 unsuccessful
[2026/01/12 03:00:26 PM] Processing seeds ../../benchmarks/SMT-benchmarks/core/unsat/uuf50-0878.smt2 ../../benchmarks/SMT-benchmarks/core/unsat/uuf50-0494.smt2
[2026/01/12 03:00:27 PM] Attempting to generate 30 mutants
[2026/01/12 03:00:28 PM] Performed 4834 solver calls (4.6 calls/s, eff: 0.0%, 4.6 mutants/s)
[2026/01/12 03:00:30 PM] Performed 4846 solver calls (4.6 calls/s, eff: 0.0%, 4.6 mutants/s)
[2026/01/12 03:00:32 PM] Performed 4858 solver calls (4.6 calls/s, eff: 0.0%, 4.6 mutants/s)
[2026/01/12 03:00:33 PM] Finished generations: 30 successful, 0 unsuccessful
[2026/01/12 03:00:33 PM] Processing seeds ../../benchmarks/SMT-benchmarks/core/unsat/uuf50-0632.smt2 ../../benchmarks/SMT-benchmarks/core/unsat/uuf50-0544.smt2
[2026/01/12 03:00:33 PM] Attempting to generate 30 mutants
[2026/01/12 03:00:34 PM] Performed 4862 solver calls (4.6 calls/s, eff: 0.0%, 4.6 mutants/s)
[2026/01/12 03:00:36 PM] Performed 4874 solver calls (4.6 calls/s, eff: 0.0%, 4.6 mutants/s)
[2026/01/12 03:00:38 PM] Performed 4886 solver calls (4.6 calls/s, eff: 0.0%, 4.6 mutants/s)
[2026/01/12 03:00:39 PM] Finished generations: 30 successful, 0 unsuccessful
[2026/01/12 03:00:39 PM] Processing seeds ../../benchmarks/SMT-benchmarks/core/unsat/uuf50-091.smt2 ../../benchmarks/SMT-benchmarks/core/unsat/uuf50-0236.smt2
[2026/01/12 03:00:39 PM] Attempting to generate 30 mutants
[2026/01/12 03:00:40 PM] Performed 4895 solver calls (4.6 calls/s, eff: 0.0%, 4.6 mutants/s)
[2026/01/12 03:00:42 PM] Performed 4907 solver calls (4.6 calls/s, eff: 0.0%, 4.6 mutants/s)
[2026/01/12 03:00:44 PM] Performed 4917 solver calls (4.6 calls/s, eff: 0.0%, 4.6 mutants/s)
[2026/01/12 03:00:45 PM] Finished generations: 30 successful, 0 unsuccessful
[2026/01/12 03:00:45 PM] Processing seeds ../../benchmarks/SMT-benchmarks/core/unsat/uuf50-0316.smt2 ../../benchmarks/SMT-benchmarks/core/unsat/uuf50-0983.smt2
[2026/01/12 03:00:46 PM] Attempting to generate 30 mutants
[2026/01/12 03:00:46 PM] Performed 4924 solver calls (4.6 calls/s, eff: 0.0%, 4.6 mutants/s)
[2026/01/12 03:00:49 PM] Performed 4936 solver calls (4.6 calls/s, eff: 0.0%, 4.6 mutants/s)
[2026/01/12 03:00:51 PM] Performed 4947 solver calls (4.6 calls/s, eff: 0.0%, 4.6 mutants/s)
[2026/01/12 03:00:51 PM] Finished generations: 30 successful, 0 unsuccessful
[2026/01/12 03:00:51 PM] Processing seeds ../../benchmarks/SMT-benchmarks/core/unsat/uuf50-0577.smt2 ../../benchmarks/SMT-benchmarks/core/unsat/uuf50-0333.smt2
[2026/01/12 03:00:52 PM] Attempting to generate 30 mutants
[2026/01/12 03:00:53 PM] Performed 4956 solver calls (4.6 calls/s, eff: 0.0%, 4.6 mutants/s)
[2026/01/12 03:00:55 PM] Performed 4966 solver calls (4.6 calls/s, eff: 0.0%, 4.6 mutants/s)
[2026/01/12 03:00:57 PM] Performed 4976 solver calls (4.6 calls/s, eff: 0.0%, 4.6 mutants/s)
[2026/01/12 03:00:58 PM] Finished generations: 30 successful, 0 unsuccessful
[2026/01/12 03:00:58 PM] Processing seeds ../../benchmarks/SMT-benchmarks/core/unsat/uuf50-0282.smt2 ../../benchmarks/SMT-benchmarks/core/unsat/uuf50-0710.smt2
[2026/01/12 03:00:58 PM] Attempting to generate 30 mutants
[2026/01/12 03:00:59 PM] Performed 4984 solver calls (4.6 calls/s, eff: 0.0%, 4.6 mutants/s)
[2026/01/12 03:01:01 PM] Performed 4993 solver calls (4.6 calls/s, eff: 0.0%, 4.6 mutants/s)
[2026/01/12 03:01:03 PM] Performed 5004 solver calls (4.6 calls/s, eff: 0.0%, 4.6 mutants/s)
[2026/01/12 03:01:04 PM] Finished generations: 30 successful, 0 unsuccessful
[2026/01/12 03:01:04 PM] Processing seeds ../../benchmarks/SMT-benchmarks/core/unsat/uuf50-0539.smt2 ../../benchmarks/SMT-benchmarks/core/unsat/uuf50-0230.smt2
[2026/01/12 03:01:05 PM] Attempting to generate 30 mutants
[2026/01/12 03:01:06 PM] Performed 5011 solver calls (4.6 calls/s, eff: 0.0%, 4.6 mutants/s)
[2026/01/12 03:01:08 PM] Performed 5021 solver calls (4.6 calls/s, eff: 0.0%, 4.6 mutants/s)
[2026/01/12 03:01:10 PM] Performed 5034 solver calls (4.6 calls/s, eff: 0.0%, 4.6 mutants/s)
[2026/01/12 03:01:11 PM] Finished generations: 30 successful, 0 unsuccessful
[2026/01/12 03:01:11 PM] Processing seeds ../../benchmarks/SMT-benchmarks/core/unsat/uuf50-0341.smt2 ../../benchmarks/SMT-benchmarks/core/unsat/uuf50-0116.smt2
[2026/01/12 03:01:12 PM] Attempting to generate 30 mutants
[2026/01/12 03:01:12 PM] Performed 5043 solver calls (4.6 calls/s, eff: 0.0%, 4.6 mutants/s)
[2026/01/12 03:01:14 PM] Performed 5054 solver calls (4.6 calls/s, eff: 0.0%, 4.6 mutants/s)
[2026/01/12 03:01:16 PM] Performed 5066 solver calls (4.6 calls/s, eff: 0.0%, 4.6 mutants/s)
[2026/01/12 03:01:17 PM] Finished generations: 30 successful, 0 unsuccessful
[2026/01/12 03:01:17 PM] Processing seeds ../../benchmarks/SMT-benchmarks/core/unsat/uuf50-0261.smt2 ../../benchmarks/SMT-benchmarks/core/unsat/uuf50-0476.smt2
[2026/01/12 03:01:18 PM] Attempting to generate 30 mutants
[2026/01/12 03:01:18 PM] Performed 5074 solver calls (4.6 calls/s, eff: 0.0%, 4.6 mutants/s)
[2026/01/12 03:01:20 PM] Performed 5086 solver calls (4.6 calls/s, eff: 0.0%, 4.6 mutants/s)
[2026/01/12 03:01:23 PM] Performed 5098 solver calls (4.6 calls/s, eff: 0.0%, 4.6 mutants/s)
[2026/01/12 03:01:23 PM] Finished generations: 30 successful, 0 unsuccessful
[2026/01/12 03:01:23 PM] Processing seeds ../../benchmarks/SMT-benchmarks/core/unsat/uuf50-0984.smt2 ../../benchmarks/SMT-benchmarks/core/unsat/uuf50-045.smt2
[2026/01/12 03:01:24 PM] Attempting to generate 30 mutants
[2026/01/12 03:01:25 PM] Performed 5106 solver calls (4.6 calls/s, eff: 0.0%, 4.6 mutants/s)
[2026/01/12 03:01:27 PM] Performed 5118 solver calls (4.6 calls/s, eff: 0.0%, 4.6 mutants/s)
[2026/01/12 03:01:29 PM] Performed 5129 solver calls (4.6 calls/s, eff: 0.0%, 4.6 mutants/s)
[2026/01/12 03:01:29 PM] Finished generations: 30 successful, 0 unsuccessful
[2026/01/12 03:01:29 PM] Processing seeds ../../benchmarks/SMT-benchmarks/core/unsat/uuf50-089.smt2 ../../benchmarks/SMT-benchmarks/core/unsat/uuf50-0529.smt2
[2026/01/12 03:01:30 PM] Attempting to generate 30 mutants
[2026/01/12 03:01:31 PM] Performed 5137 solver calls (4.6 calls/s, eff: 0.0%, 4.6 mutants/s)
[2026/01/12 03:01:33 PM] Performed 5149 solver calls (4.6 calls/s, eff: 0.0%, 4.6 mutants/s)
[2026/01/12 03:01:35 PM] Finished generations: 30 successful, 0 unsuccessful
[2026/01/12 03:01:35 PM] Processing seeds ../../benchmarks/SMT-benchmarks/core/unsat/uuf50-0174.smt2 ../../benchmarks/SMT-benchmarks/core/unsat/uuf50-0273.smt2
[2026/01/12 03:01:36 PM] Attempting to generate 30 mutants
[2026/01/12 03:01:36 PM] Performed 5160 solver calls (4.6 calls/s, eff: 0.0%, 4.6 mutants/s)
[2026/01/12 03:01:38 PM] Performed 5172 solver calls (4.6 calls/s, eff: 0.0%, 4.6 mutants/s)
[2026/01/12 03:01:40 PM] Performed 5179 solver calls (4.6 calls/s, eff: 0.0%, 4.6 mutants/s)
[2026/01/12 03:01:42 PM] Finished generations: 30 successful, 0 unsuccessful
[2026/01/12 03:01:42 PM] Processing seeds ../../benchmarks/SMT-benchmarks/core/unsat/uuf50-0300.smt2 ../../benchmarks/SMT-benchmarks/core/unsat/uuf50-071.smt2
[2026/01/12 03:01:42 PM] Attempting to generate 30 mutants
[2026/01/12 03:01:42 PM] Performed 5190 solver calls (4.6 calls/s, eff: 0.0%, 4.6 mutants/s)
[2026/01/12 03:01:45 PM] Performed 5202 solver calls (4.6 calls/s, eff: 0.0%, 4.6 mutants/s)
[2026/01/12 03:01:47 PM] Performed 5213 solver calls (4.6 calls/s, eff: 0.0%, 4.6 mutants/s)
[2026/01/12 03:01:48 PM] Finished generations: 30 successful, 0 unsuccessful
[2026/01/12 03:01:48 PM] Processing seeds ../../benchmarks/SMT-benchmarks/core/unsat/uuf50-0327.smt2 ../../benchmarks/SMT-benchmarks/core/unsat/uuf50-0700.smt2
[2026/01/12 03:01:49 PM] Attempting to generate 30 mutants
[2026/01/12 03:01:49 PM] Performed 5221 solver calls (4.6 calls/s, eff: 0.0%, 4.6 mutants/s)
[2026/01/12 03:01:51 PM] Performed 5232 solver calls (4.6 calls/s, eff: 0.0%, 4.6 mutants/s)
[2026/01/12 03:01:53 PM] Performed 5242 solver calls (4.6 calls/s, eff: 0.0%, 4.6 mutants/s)
[2026/01/12 03:01:55 PM] Finished generations: 30 successful, 0 unsuccessful
[2026/01/12 03:01:55 PM] Processing seeds ../../benchmarks/SMT-benchmarks/core/unsat/uuf50-0730.smt2 ../../benchmarks/SMT-benchmarks/core/unsat/uuf50-0666.smt2
[2026/01/12 03:01:56 PM] Attempting to generate 30 mutants
[2026/01/12 03:01:56 PM] Performed 5250 solver calls (4.6 calls/s, eff: 0.0%, 4.6 mutants/s)
[2026/01/12 03:01:58 PM] Performed 5261 solver calls (4.6 calls/s, eff: 0.0%, 4.6 mutants/s)
[2026/01/12 03:02:00 PM] Performed 5272 solver calls (4.6 calls/s, eff: 0.0%, 4.6 mutants/s)
[2026/01/12 03:02:02 PM] Finished generations: 30 successful, 0 unsuccessful
[2026/01/12 03:02:02 PM] Processing seeds ../../benchmarks/SMT-benchmarks/core/unsat/uuf50-0412.smt2 ../../benchmarks/SMT-benchmarks/core/unsat/uuf50-0497.smt2
[2026/01/12 03:02:03 PM] Attempting to generate 30 mutants
[2026/01/12 03:02:03 PM] Performed 5280 solver calls (4.6 calls/s, eff: 0.0%, 4.6 mutants/s)
[2026/01/12 03:02:05 PM] Performed 5289 solver calls (4.6 calls/s, eff: 0.0%, 4.6 mutants/s)
[2026/01/12 03:02:07 PM] Performed 5299 solver calls (4.6 calls/s, eff: 0.0%, 4.6 mutants/s)
[2026/01/12 03:02:09 PM] Performed 5307 solver calls (4.6 calls/s, eff: 0.0%, 4.6 mutants/s)
[2026/01/12 03:02:10 PM] Finished generations: 30 successful, 0 unsuccessful
[2026/01/12 03:02:10 PM] Processing seeds ../../benchmarks/SMT-benchmarks/core/unsat/uuf50-0596.smt2 ../../benchmarks/SMT-benchmarks/core/unsat/uuf50-0776.smt2
[2026/01/12 03:02:11 PM] Attempting to generate 30 mutants
[2026/01/12 03:02:12 PM] Performed 5312 solver calls (4.6 calls/s, eff: 0.0%, 4.6 mutants/s)
[2026/01/12 03:02:14 PM] Performed 5322 solver calls (4.6 calls/s, eff: 0.0%, 4.6 mutants/s)
[2026/01/12 03:02:16 PM] Performed 5333 solver calls (4.6 calls/s, eff: 0.0%, 4.6 mutants/s)
[2026/01/12 03:02:17 PM] Finished generations: 30 successful, 0 unsuccessful
[2026/01/12 03:02:17 PM] Processing seeds ../../benchmarks/SMT-benchmarks/core/unsat/uuf50-0384.smt2 ../../benchmarks/SMT-benchmarks/core/unsat/uuf50-0265.smt2
[2026/01/12 03:02:18 PM] Attempting to generate 30 mutants
[2026/01/12 03:02:18 PM] Performed 5340 solver calls (4.6 calls/s, eff: 0.0%, 4.6 mutants/s)
[2026/01/12 03:02:20 PM] Performed 5350 solver calls (4.6 calls/s, eff: 0.0%, 4.6 mutants/s)
[2026/01/12 03:02:22 PM] Performed 5360 solver calls (4.6 calls/s, eff: 0.0%, 4.6 mutants/s)
[2026/01/12 03:02:24 PM] Finished generations: 30 successful, 0 unsuccessful
[2026/01/12 03:02:24 PM] Processing seeds ../../benchmarks/SMT-benchmarks/core/unsat/uuf50-0335.smt2 ../../benchmarks/SMT-benchmarks/core/unsat/uuf50-0380.smt2
[2026/01/12 03:02:25 PM] Attempting to generate 30 mutants
[2026/01/12 03:02:25 PM] Performed 5370 solver calls (4.6 calls/s, eff: 0.0%, 4.6 mutants/s)
[2026/01/12 03:02:27 PM] Performed 5380 solver calls (4.6 calls/s, eff: 0.0%, 4.6 mutants/s)
[2026/01/12 03:02:29 PM] Performed 5389 solver calls (4.6 calls/s, eff: 0.0%, 4.6 mutants/s)
[2026/01/12 03:02:32 PM] Performed 5399 solver calls (4.6 calls/s, eff: 0.0%, 4.6 mutants/s)
[2026/01/12 03:02:32 PM] Finished generations: 30 successful, 0 unsuccessful
[2026/01/12 03:02:32 PM] Processing seeds ../../benchmarks/SMT-benchmarks/core/unsat/uuf50-0508.smt2 ../../benchmarks/SMT-benchmarks/core/unsat/uuf50-0621.smt2
[2026/01/12 03:02:32 PM] Attempting to generate 30 mutants
[2026/01/12 03:02:34 PM] Performed 5405 solver calls (4.6 calls/s, eff: 0.0%, 4.6 mutants/s)
[2026/01/12 03:02:36 PM] Performed 5412 solver calls (4.6 calls/s, eff: 0.0%, 4.6 mutants/s)
[2026/01/12 03:02:38 PM] Performed 5419 solver calls (4.6 calls/s, eff: 0.0%, 4.6 mutants/s)
[2026/01/12 03:02:40 PM] Performed 5427 solver calls (4.6 calls/s, eff: 0.0%, 4.6 mutants/s)
[2026/01/12 03:02:41 PM] Finished generations: 30 successful, 0 unsuccessful
[2026/01/12 03:02:41 PM] Processing seeds ../../benchmarks/SMT-benchmarks/core/unsat/uuf50-0509.smt2 ../../benchmarks/SMT-benchmarks/core/unsat/uuf50-0375.smt2
[2026/01/12 03:02:41 PM] Attempting to generate 30 mutants
[2026/01/12 03:02:42 PM] Performed 5433 solver calls (4.6 calls/s, eff: 0.0%, 4.6 mutants/s)
[2026/01/12 03:02:45 PM] Performed 5441 solver calls (4.6 calls/s, eff: 0.0%, 4.6 mutants/s)
[2026/01/12 03:02:47 PM] Performed 5451 solver calls (4.6 calls/s, eff: 0.0%, 4.6 mutants/s)
[2026/01/12 03:02:49 PM] Finished generations: 30 successful, 0 unsuccessful
[2026/01/12 03:02:49 PM] Processing seeds ../../benchmarks/SMT-benchmarks/core/unsat/uuf50-0913.smt2 ../../benchmarks/SMT-benchmarks/core/unsat/uuf50-0734.smt2
[2026/01/12 03:02:49 PM] Attempting to generate 30 mutants
[2026/01/12 03:02:49 PM] Performed 5460 solver calls (4.6 calls/s, eff: 0.0%, 4.6 mutants/s)
[2026/01/12 03:02:52 PM] Performed 5471 solver calls (4.6 calls/s, eff: 0.0%, 4.6 mutants/s)
[2026/01/12 03:02:54 PM] Performed 5480 solver calls (4.6 calls/s, eff: 0.0%, 4.6 mutants/s)
[2026/01/12 03:02:56 PM] Finished generations: 30 successful, 0 unsuccessful
[2026/01/12 03:02:56 PM] Processing seeds ../../benchmarks/SMT-benchmarks/core/unsat/uuf50-0994.smt2 ../../benchmarks/SMT-benchmarks/core/unsat/uuf50-0653.smt2
[2026/01/12 03:02:56 PM] Attempting to generate 30 mutants
[2026/01/12 03:02:56 PM] Performed 5490 solver calls (4.6 calls/s, eff: 0.0%, 4.6 mutants/s)
[2026/01/12 03:02:58 PM] Performed 5500 solver calls (4.6 calls/s, eff: 0.0%, 4.6 mutants/s)
[2026/01/12 03:03:00 PM] Performed 5509 solver calls (4.6 calls/s, eff: 0.0%, 4.6 mutants/s)
[2026/01/12 03:03:02 PM] Performed 5519 solver calls (4.6 calls/s, eff: 0.0%, 4.6 mutants/s)
[2026/01/12 03:03:03 PM] Finished generations: 30 successful, 0 unsuccessful
[2026/01/12 03:03:03 PM] Processing seeds ../../benchmarks/SMT-benchmarks/core/unsat/uuf50-0535.smt2 ../../benchmarks/SMT-benchmarks/core/unsat/uuf50-0755.smt2
[2026/01/12 03:03:03 PM] Attempting to generate 30 mutants
[2026/01/12 03:03:04 PM] Performed 5525 solver calls (4.6 calls/s, eff: 0.0%, 4.6 mutants/s)
[2026/01/12 03:03:07 PM] Performed 5535 solver calls (4.6 calls/s, eff: 0.0%, 4.6 mutants/s)
[2026/01/12 03:03:09 PM] Performed 5545 solver calls (4.6 calls/s, eff: 0.0%, 4.6 mutants/s)
[2026/01/12 03:03:10 PM] Finished generations: 30 successful, 0 unsuccessful
[2026/01/12 03:03:10 PM] Processing seeds ../../benchmarks/SMT-benchmarks/core/unsat/uuf50-0742.smt2 ../../benchmarks/SMT-benchmarks/core/unsat/uuf50-0400.smt2
[2026/01/12 03:03:11 PM] Attempting to generate 30 mutants
[2026/01/12 03:03:11 PM] Performed 5552 solver calls (4.6 calls/s, eff: 0.0%, 4.6 mutants/s)
[2026/01/12 03:03:13 PM] Performed 5560 solver calls (4.6 calls/s, eff: 0.0%, 4.6 mutants/s)
[2026/01/12 03:03:15 PM] Performed 5570 solver calls (4.6 calls/s, eff: 0.0%, 4.6 mutants/s)
[2026/01/12 03:03:18 PM] Performed 5577 solver calls (4.6 calls/s, eff: 0.0%, 4.6 mutants/s)
[2026/01/12 03:03:18 PM] Finished generations: 30 successful, 0 unsuccessful
[2026/01/12 03:03:18 PM] Processing seeds ../../benchmarks/SMT-benchmarks/core/unsat/uuf50-080.smt2 ../../benchmarks/SMT-benchmarks/core/unsat/uuf50-0140.smt2
[2026/01/12 03:03:19 PM] Attempting to generate 30 mutants
[2026/01/12 03:03:20 PM] Performed 5583 solver calls (4.6 calls/s, eff: 0.0%, 4.6 mutants/s)
[2026/01/12 03:03:22 PM] Performed 5594 solver calls (4.6 calls/s, eff: 0.0%, 4.6 mutants/s)
[2026/01/12 03:03:24 PM] Performed 5604 solver calls (4.6 calls/s, eff: 0.0%, 4.6 mutants/s)
[2026/01/12 03:03:25 PM] Finished generations: 30 successful, 0 unsuccessful
[2026/01/12 03:03:25 PM] Processing seeds ../../benchmarks/SMT-benchmarks/core/unsat/uuf50-0677.smt2 ../../benchmarks/SMT-benchmarks/core/unsat/uuf50-0209.smt2
[2026/01/12 03:03:26 PM] Attempting to generate 30 mutants
[2026/01/12 03:03:26 PM] Performed 5610 solver calls (4.6 calls/s, eff: 0.0%, 4.6 mutants/s)
[2026/01/12 03:03:28 PM] Performed 5620 solver calls (4.6 calls/s, eff: 0.0%, 4.6 mutants/s)
[2026/01/12 03:03:30 PM] Performed 5631 solver calls (4.6 calls/s, eff: 0.0%, 4.6 mutants/s)
[2026/01/12 03:03:32 PM] Finished generations: 30 successful, 0 unsuccessful
[2026/01/12 03:03:32 PM] Processing seeds ../../benchmarks/SMT-benchmarks/core/unsat/uuf50-0916.smt2 ../../benchmarks/SMT-benchmarks/core/unsat/uuf50-0860.smt2
[2026/01/12 03:03:33 PM] Attempting to generate 30 mutants
[2026/01/12 03:03:33 PM] Performed 5640 solver calls (4.6 calls/s, eff: 0.0%, 4.6 mutants/s)
[2026/01/12 03:03:35 PM] Performed 5650 solver calls (4.6 calls/s, eff: 0.0%, 4.6 mutants/s)
[2026/01/12 03:03:37 PM] Performed 5661 solver calls (4.6 calls/s, eff: 0.0%, 4.6 mutants/s)
[2026/01/12 03:03:40 PM] Finished generations: 30 successful, 0 unsuccessful
[2026/01/12 03:03:40 PM] Processing seeds ../../benchmarks/SMT-benchmarks/core/unsat/uuf50-0570.smt2 ../../benchmarks/SMT-benchmarks/core/unsat/uuf50-0154.smt2
[2026/01/12 03:03:40 PM] Attempting to generate 30 mutants
[2026/01/12 03:03:40 PM] Performed 5670 solver calls (4.6 calls/s, eff: 0.0%, 4.6 mutants/s)
[2026/01/12 03:03:42 PM] Performed 5681 solver calls (4.6 calls/s, eff: 0.0%, 4.6 mutants/s)
[2026/01/12 03:03:44 PM] Performed 5692 solver calls (4.6 calls/s, eff: 0.0%, 4.6 mutants/s)
[2026/01/12 03:03:46 PM] Finished generations: 30 successful, 0 unsuccessful
[2026/01/12 03:03:46 PM] Processing seeds ../../benchmarks/SMT-benchmarks/core/unsat/uuf50-0432.smt2 ../../benchmarks/SMT-benchmarks/core/unsat/uuf50-079.smt2
[2026/01/12 03:03:47 PM] Attempting to generate 30 mutants
[2026/01/12 03:03:47 PM] Performed 5700 solver calls (4.6 calls/s, eff: 0.0%, 4.6 mutants/s)
[2026/01/12 03:03:49 PM] Performed 5711 solver calls (4.6 calls/s, eff: 0.0%, 4.6 mutants/s)
[2026/01/12 03:03:51 PM] Performed 5718 solver calls (4.6 calls/s, eff: 0.0%, 4.6 mutants/s)
[2026/01/12 03:03:53 PM] Performed 5729 solver calls (4.6 calls/s, eff: 0.0%, 4.6 mutants/s)
[2026/01/12 03:03:53 PM] Finished generations: 30 successful, 0 unsuccessful
[2026/01/12 03:03:53 PM] Processing seeds ../../benchmarks/SMT-benchmarks/core/unsat/uuf50-0773.smt2 ../../benchmarks/SMT-benchmarks/core/unsat/uuf50-0737.smt2
[2026/01/12 03:03:54 PM] Attempting to generate 30 mutants
[2026/01/12 03:03:55 PM] Performed 5738 solver calls (4.6 calls/s, eff: 0.0%, 4.6 mutants/s)
[2026/01/12 03:03:58 PM] Performed 5748 solver calls (4.6 calls/s, eff: 0.0%, 4.6 mutants/s)
[2026/01/12 03:04:00 PM] Performed 5758 solver calls (4.6 calls/s, eff: 0.0%, 4.6 mutants/s)
[2026/01/12 03:04:00 PM] Finished generations: 30 successful, 0 unsuccessful
[2026/01/12 03:04:00 PM] Processing seeds ../../benchmarks/SMT-benchmarks/core/unsat/uuf50-092.smt2 ../../benchmarks/SMT-benchmarks/core/unsat/uuf50-0940.smt2
[2026/01/12 03:04:01 PM] Attempting to generate 30 mutants
[2026/01/12 03:04:02 PM] Performed 5765 solver calls (4.6 calls/s, eff: 0.0%, 4.6 mutants/s)
[2026/01/12 03:04:04 PM] Performed 5775 solver calls (4.6 calls/s, eff: 0.0%, 4.6 mutants/s)
[2026/01/12 03:04:06 PM] Performed 5786 solver calls (4.6 calls/s, eff: 0.0%, 4.6 mutants/s)
[2026/01/12 03:04:07 PM] Finished generations: 30 successful, 0 unsuccessful
[2026/01/12 03:04:07 PM] Processing seeds ../../benchmarks/SMT-benchmarks/core/unsat/uuf50-0924.smt2 ../../benchmarks/SMT-benchmarks/core/unsat/uuf50-0216.smt2
[2026/01/12 03:04:07 PM] Attempting to generate 30 mutants
[2026/01/12 03:04:08 PM] Performed 5794 solver calls (4.6 calls/s, eff: 0.0%, 4.6 mutants/s)
[2026/01/12 03:04:10 PM] Performed 5803 solver calls (4.6 calls/s, eff: 0.0%, 4.6 mutants/s)
[2026/01/12 03:04:12 PM] Performed 5814 solver calls (4.6 calls/s, eff: 0.0%, 4.6 mutants/s)
[2026/01/12 03:04:14 PM] Finished generations: 30 successful, 0 unsuccessful
[2026/01/12 03:04:14 PM] Processing seeds ../../benchmarks/SMT-benchmarks/core/unsat/uuf50-0113.smt2 ../../benchmarks/SMT-benchmarks/core/unsat/uuf50-0275.smt2
[2026/01/12 03:04:14 PM] Attempting to generate 30 mutants
[2026/01/12 03:04:14 PM] Performed 5821 solver calls (4.6 calls/s, eff: 0.0%, 4.6 mutants/s)
[2026/01/12 03:04:17 PM] Performed 5831 solver calls (4.6 calls/s, eff: 0.0%, 4.6 mutants/s)
[2026/01/12 03:04:19 PM] Performed 5842 solver calls (4.6 calls/s, eff: 0.0%, 4.6 mutants/s)
[2026/01/12 03:04:20 PM] Finished generations: 30 successful, 0 unsuccessful
[2026/01/12 03:04:20 PM] Processing seeds ../../benchmarks/SMT-benchmarks/core/unsat/uuf50-0402.smt2 ../../benchmarks/SMT-benchmarks/core/unsat/uuf50-0688.smt2
[2026/01/12 03:04:21 PM] Attempting to generate 30 mutants
[2026/01/12 03:04:21 PM] Performed 5850 solver calls (4.6 calls/s, eff: 0.0%, 4.6 mutants/s)
[2026/01/12 03:04:24 PM] Performed 5860 solver calls (4.6 calls/s, eff: 0.0%, 4.6 mutants/s)
[2026/01/12 03:04:26 PM] Performed 5870 solver calls (4.6 calls/s, eff: 0.0%, 4.6 mutants/s)
[2026/01/12 03:04:28 PM] Finished generations: 30 successful, 0 unsuccessful
[2026/01/12 03:04:28 PM] Processing seeds ../../benchmarks/SMT-benchmarks/core/unsat/uuf50-0935.smt2 ../../benchmarks/SMT-benchmarks/core/unsat/uuf50-06.smt2
[2026/01/12 03:04:29 PM] Attempting to generate 30 mutants
[2026/01/12 03:04:29 PM] Performed 5880 solver calls (4.6 calls/s, eff: 0.0%, 4.6 mutants/s)
[2026/01/12 03:04:31 PM] Performed 5890 solver calls (4.6 calls/s, eff: 0.0%, 4.6 mutants/s)
[2026/01/12 03:04:33 PM] Performed 5900 solver calls (4.6 calls/s, eff: 0.0%, 4.6 mutants/s)
[2026/01/12 03:04:35 PM] Finished generations: 30 successful, 0 unsuccessful
[2026/01/12 03:04:35 PM] Processing seeds ../../benchmarks/SMT-benchmarks/core/unsat/uuf50-0724.smt2 ../../benchmarks/SMT-benchmarks/core/unsat/uuf50-0257.smt2
[2026/01/12 03:04:36 PM] Attempting to generate 30 mutants
[2026/01/12 03:04:36 PM] Performed 5910 solver calls (4.6 calls/s, eff: 0.0%, 4.6 mutants/s)
[2026/01/12 03:04:38 PM] Performed 5920 solver calls (4.6 calls/s, eff: 0.0%, 4.6 mutants/s)
[2026/01/12 03:04:40 PM] Performed 5932 solver calls (4.6 calls/s, eff: 0.0%, 4.6 mutants/s)
[2026/01/12 03:04:42 PM] Finished generations: 30 successful, 0 unsuccessful
[2026/01/12 03:04:42 PM] Processing seeds ../../benchmarks/SMT-benchmarks/core/unsat/uuf50-0434.smt2 ../../benchmarks/SMT-benchmarks/core/unsat/uuf50-0534.smt2
[2026/01/12 03:04:42 PM] Attempting to generate 30 mutants
[2026/01/12 03:04:42 PM] Performed 5940 solver calls (4.6 calls/s, eff: 0.0%, 4.6 mutants/s)
[2026/01/12 03:04:44 PM] Performed 5951 solver calls (4.6 calls/s, eff: 0.0%, 4.6 mutants/s)
[2026/01/12 03:04:46 PM] Performed 5961 solver calls (4.6 calls/s, eff: 0.0%, 4.6 mutants/s)
[2026/01/12 03:04:48 PM] Performed 5969 solver calls (4.6 calls/s, eff: 0.0%, 4.6 mutants/s)
[2026/01/12 03:04:49 PM] Finished generations: 30 successful, 0 unsuccessful
[2026/01/12 03:04:49 PM] Processing seeds ../../benchmarks/SMT-benchmarks/core/unsat/uuf50-0157.smt2 ../../benchmarks/SMT-benchmarks/core/unsat/uuf50-0375.smt2
[2026/01/12 03:04:49 PM] Attempting to generate 30 mutants
[2026/01/12 03:04:51 PM] Performed 5975 solver calls (4.6 calls/s, eff: 0.0%, 4.6 mutants/s)
[2026/01/12 03:04:53 PM] Performed 5984 solver calls (4.6 calls/s, eff: 0.0%, 4.6 mutants/s)
[2026/01/12 03:04:55 PM] Performed 5992 solver calls (4.6 calls/s, eff: 0.0%, 4.6 mutants/s)
[2026/01/12 03:04:57 PM] Performed 5998 solver calls (4.6 calls/s, eff: 0.0%, 4.6 mutants/s)
[2026/01/12 03:04:57 PM] Finished generations: 30 successful, 0 unsuccessful
[2026/01/12 03:04:57 PM] Processing seeds ../../benchmarks/SMT-benchmarks/core/unsat/uuf50-0189.smt2 ../../benchmarks/SMT-benchmarks/core/unsat/uuf50-0360.smt2
[2026/01/12 03:04:58 PM] Attempting to generate 30 mutants
[2026/01/12 03:04:59 PM] Performed 6004 solver calls (4.6 calls/s, eff: 0.0%, 4.6 mutants/s)
[2026/01/12 03:05:01 PM] Performed 6014 solver calls (4.6 calls/s, eff: 0.0%, 4.6 mutants/s)
[2026/01/12 03:05:03 PM] Performed 6023 solver calls (4.6 calls/s, eff: 0.0%, 4.6 mutants/s)
[2026/01/12 03:05:05 PM] Finished generations: 30 successful, 0 unsuccessful
[2026/01/12 03:05:05 PM] Processing seeds ../../benchmarks/SMT-benchmarks/core/unsat/uuf50-0473.smt2 ../../benchmarks/SMT-benchmarks/core/unsat/uuf50-0465.smt2
[2026/01/12 03:05:05 PM] Attempting to generate 30 mutants
[2026/01/12 03:05:05 PM] Performed 6030 solver calls (4.6 calls/s, eff: 0.0%, 4.6 mutants/s)
[2026/01/12 03:05:07 PM] Performed 6041 solver calls (4.6 calls/s, eff: 0.0%, 4.6 mutants/s)
[2026/01/12 03:05:09 PM] Performed 6051 solver calls (4.6 calls/s, eff: 0.0%, 4.6 mutants/s)
[2026/01/12 03:05:11 PM] Finished generations: 30 successful, 0 unsuccessful
[2026/01/12 03:05:11 PM] Processing seeds ../../benchmarks/SMT-benchmarks/core/unsat/uuf50-060.smt2 ../../benchmarks/SMT-benchmarks/core/unsat/uuf50-0829.smt2
[2026/01/12 03:05:12 PM] Attempting to generate 30 mutants
[2026/01/12 03:05:12 PM] Performed 6060 solver calls (4.6 calls/s, eff: 0.0%, 4.6 mutants/s)
[2026/01/12 03:05:14 PM] Performed 6070 solver calls (4.6 calls/s, eff: 0.0%, 4.6 mutants/s)
[2026/01/12 03:05:16 PM] Performed 6081 solver calls (4.6 calls/s, eff: 0.0%, 4.6 mutants/s)
[2026/01/12 03:05:18 PM] Finished generations: 30 successful, 0 unsuccessful
[2026/01/12 03:05:18 PM] Processing seeds ../../benchmarks/SMT-benchmarks/core/unsat/uuf50-0144.smt2 ../../benchmarks/SMT-benchmarks/core/unsat/uuf50-0489.smt2
[2026/01/12 03:05:19 PM] Attempting to generate 30 mutants
[2026/01/12 03:05:19 PM] Performed 6090 solver calls (4.6 calls/s, eff: 0.0%, 4.6 mutants/s)
[2026/01/12 03:05:21 PM] Performed 6097 solver calls (4.6 calls/s, eff: 0.0%, 4.6 mutants/s)
[2026/01/12 03:05:23 PM] Performed 6106 solver calls (4.6 calls/s, eff: 0.0%, 4.6 mutants/s)
[2026/01/12 03:05:25 PM] Performed 6116 solver calls (4.6 calls/s, eff: 0.0%, 4.6 mutants/s)
[2026/01/12 03:05:26 PM] Finished generations: 30 successful, 0 unsuccessful
[2026/01/12 03:05:26 PM] Processing seeds ../../benchmarks/SMT-benchmarks/core/unsat/uuf50-070.smt2 ../../benchmarks/SMT-benchmarks/core/unsat/uuf50-0477.smt2
[2026/01/12 03:05:27 PM] Attempting to generate 30 mutants
[2026/01/12 03:05:27 PM] Performed 6122 solver calls (4.6 calls/s, eff: 0.0%, 4.6 mutants/s)
[2026/01/12 03:05:30 PM] Performed 6130 solver calls (4.6 calls/s, eff: 0.0%, 4.6 mutants/s)
[2026/01/12 03:05:32 PM] Performed 6141 solver calls (4.6 calls/s, eff: 0.0%, 4.6 mutants/s)
[2026/01/12 03:05:34 PM] Finished generations: 30 successful, 0 unsuccessful
[2026/01/12 03:05:34 PM] Processing seeds ../../benchmarks/SMT-benchmarks/core/unsat/uuf50-0202.smt2 ../../benchmarks/SMT-benchmarks/core/unsat/uuf50-0336.smt2
[2026/01/12 03:05:34 PM] Attempting to generate 30 mutants
[2026/01/12 03:05:34 PM] Performed 6150 solver calls (4.6 calls/s, eff: 0.0%, 4.6 mutants/s)
[2026/01/12 03:05:37 PM] Performed 6160 solver calls (4.6 calls/s, eff: 0.0%, 4.6 mutants/s)
[2026/01/12 03:05:39 PM] Performed 6170 solver calls (4.6 calls/s, eff: 0.0%, 4.6 mutants/s)
[2026/01/12 03:05:40 PM] Finished generations: 30 successful, 0 unsuccessful
[2026/01/12 03:05:40 PM] Processing seeds ../../benchmarks/SMT-benchmarks/core/unsat/uuf50-0104.smt2 ../../benchmarks/SMT-benchmarks/core/unsat/uuf50-0356.smt2
[2026/01/12 03:05:41 PM] Attempting to generate 30 mutants
[2026/01/12 03:05:41 PM] Performed 6180 solver calls (4.6 calls/s, eff: 0.0%, 4.6 mutants/s)
[2026/01/12 03:05:43 PM] Performed 6191 solver calls (4.6 calls/s, eff: 0.0%, 4.6 mutants/s)
[2026/01/12 03:05:46 PM] Performed 6201 solver calls (4.6 calls/s, eff: 0.0%, 4.6 mutants/s)
[2026/01/12 03:05:48 PM] Finished generations: 30 successful, 0 unsuccessful
[2026/01/12 03:05:48 PM] Processing seeds ../../benchmarks/SMT-benchmarks/core/unsat/uuf50-0346.smt2 ../../benchmarks/SMT-benchmarks/core/unsat/uuf50-0673.smt2
[2026/01/12 03:05:48 PM] Attempting to generate 30 mutants
[2026/01/12 03:05:48 PM] Performed 6210 solver calls (4.6 calls/s, eff: 0.0%, 4.6 mutants/s)
[2026/01/12 03:05:50 PM] Performed 6221 solver calls (4.6 calls/s, eff: 0.0%, 4.6 mutants/s)
[2026/01/12 03:05:52 PM] Performed 6232 solver calls (4.6 calls/s, eff: 0.0%, 4.6 mutants/s)
[2026/01/12 03:05:54 PM] Finished generations: 30 successful, 0 unsuccessful
[2026/01/12 03:05:54 PM] Processing seeds ../../benchmarks/SMT-benchmarks/core/unsat/uuf50-0740.smt2 ../../benchmarks/SMT-benchmarks/core/unsat/uuf50-0270.smt2
[2026/01/12 03:05:55 PM] Attempting to generate 30 mutants
[2026/01/12 03:05:55 PM] Performed 6240 solver calls (4.6 calls/s, eff: 0.0%, 4.6 mutants/s)
[2026/01/12 03:05:57 PM] Performed 6250 solver calls (4.6 calls/s, eff: 0.0%, 4.6 mutants/s)
[2026/01/12 03:05:59 PM] Performed 6261 solver calls (4.6 calls/s, eff: 0.0%, 4.6 mutants/s)
[2026/01/12 03:06:01 PM] Finished generations: 30 successful, 0 unsuccessful
[2026/01/12 03:06:01 PM] Processing seeds ../../benchmarks/SMT-benchmarks/core/unsat/uuf50-0691.smt2 ../../benchmarks/SMT-benchmarks/core/unsat/uuf50-0712.smt2
[2026/01/12 03:06:03 PM] Attempting to generate 30 mutants
[2026/01/12 03:06:03 PM] Performed 6270 solver calls (4.6 calls/s, eff: 0.0%, 4.6 mutants/s)
[2026/01/12 03:06:05 PM] Performed 6280 solver calls (4.6 calls/s, eff: 0.0%, 4.6 mutants/s)
[2026/01/12 03:06:07 PM] Performed 6289 solver calls (4.6 calls/s, eff: 0.0%, 4.6 mutants/s)
[2026/01/12 03:06:09 PM] Performed 6299 solver calls (4.6 calls/s, eff: 0.0%, 4.6 mutants/s)
[2026/01/12 03:06:09 PM] Finished generations: 30 successful, 0 unsuccessful
[2026/01/12 03:06:09 PM] Processing seeds ../../benchmarks/SMT-benchmarks/core/unsat/uuf50-0210.smt2 ../../benchmarks/SMT-benchmarks/core/unsat/uuf50-0536.smt2
[2026/01/12 03:06:10 PM] Attempting to generate 30 mutants
[2026/01/12 03:06:11 PM] Performed 6306 solver calls (4.6 calls/s, eff: 0.0%, 4.6 mutants/s)
[2026/01/12 03:06:13 PM] Performed 6316 solver calls (4.6 calls/s, eff: 0.0%, 4.6 mutants/s)
[2026/01/12 03:06:15 PM] Performed 6327 solver calls (4.6 calls/s, eff: 0.0%, 4.6 mutants/s)
[2026/01/12 03:06:16 PM] Finished generations: 30 successful, 0 unsuccessful
[2026/01/12 03:06:16 PM] Processing seeds ../../benchmarks/SMT-benchmarks/core/unsat/uuf50-0255.smt2 ../../benchmarks/SMT-benchmarks/core/unsat/uuf50-0224.smt2
[2026/01/12 03:06:17 PM] Attempting to generate 30 mutants
[2026/01/12 03:06:18 PM] Performed 6333 solver calls (4.5 calls/s, eff: 0.0%, 4.5 mutants/s)
[2026/01/12 03:06:20 PM] Performed 6343 solver calls (4.5 calls/s, eff: 0.0%, 4.5 mutants/s)
[2026/01/12 03:06:22 PM] Performed 6352 solver calls (4.5 calls/s, eff: 0.0%, 4.5 mutants/s)
[2026/01/12 03:06:24 PM] Finished generations: 30 successful, 0 unsuccessful
[2026/01/12 03:06:24 PM] Processing seeds ../../benchmarks/SMT-benchmarks/core/unsat/uuf50-0193.smt2 ../../benchmarks/SMT-benchmarks/core/unsat/uuf50-0666.smt2
[2026/01/12 03:06:24 PM] Attempting to generate 30 mutants
[2026/01/12 03:06:24 PM] Performed 6360 solver calls (4.5 calls/s, eff: 0.0%, 4.5 mutants/s)
[2026/01/12 03:06:26 PM] Performed 6367 solver calls (4.5 calls/s, eff: 0.0%, 4.5 mutants/s)
[2026/01/12 03:06:29 PM] Performed 6376 solver calls (4.5 calls/s, eff: 0.0%, 4.5 mutants/s)
[2026/01/12 03:06:31 PM] Performed 6386 solver calls (4.5 calls/s, eff: 0.0%, 4.5 mutants/s)
[2026/01/12 03:06:32 PM] Finished generations: 30 successful, 0 unsuccessful
[2026/01/12 03:06:32 PM] Processing seeds ../../benchmarks/SMT-benchmarks/core/unsat/uuf50-0937.smt2 ../../benchmarks/SMT-benchmarks/core/unsat/uuf50-0591.smt2
[2026/01/12 03:06:32 PM] Attempting to generate 30 mutants
[2026/01/12 03:06:33 PM] Performed 6392 solver calls (4.5 calls/s, eff: 0.0%, 4.5 mutants/s)
[2026/01/12 03:06:35 PM] Performed 6401 solver calls (4.5 calls/s, eff: 0.0%, 4.5 mutants/s)
[2026/01/12 03:06:37 PM] Performed 6407 solver calls (4.5 calls/s, eff: 0.0%, 4.5 mutants/s)
[2026/01/12 03:06:39 PM] Performed 6417 solver calls (4.5 calls/s, eff: 0.0%, 4.5 mutants/s)
[2026/01/12 03:06:40 PM] Finished generations: 30 successful, 0 unsuccessful
[2026/01/12 03:06:40 PM] Processing seeds ../../benchmarks/SMT-benchmarks/core/unsat/uuf50-0648.smt2 ../../benchmarks/SMT-benchmarks/core/unsat/uuf50-0307.smt2
[2026/01/12 03:06:41 PM] Attempting to generate 30 mutants
[2026/01/12 03:06:41 PM] Performed 6423 solver calls (4.5 calls/s, eff: 0.0%, 4.5 mutants/s)
[2026/01/12 03:06:44 PM] Performed 6432 solver calls (4.5 calls/s, eff: 0.0%, 4.5 mutants/s)
[2026/01/12 03:06:46 PM] Performed 6441 solver calls (4.5 calls/s, eff: 0.0%, 4.5 mutants/s)
[2026/01/12 03:06:47 PM] Finished generations: 30 successful, 0 unsuccessful
[2026/01/12 03:06:47 PM] Processing seeds ../../benchmarks/SMT-benchmarks/core/unsat/uuf50-0709.smt2 ../../benchmarks/SMT-benchmarks/core/unsat/uuf50-0215.smt2
[2026/01/12 03:06:48 PM] Attempting to generate 30 mutants
[2026/01/12 03:06:48 PM] Performed 6450 solver calls (4.5 calls/s, eff: 0.0%, 4.5 mutants/s)
[2026/01/12 03:06:50 PM] Performed 6461 solver calls (4.5 calls/s, eff: 0.0%, 4.5 mutants/s)
[2026/01/12 03:06:53 PM] Performed 6470 solver calls (4.5 calls/s, eff: 0.0%, 4.5 mutants/s)
[2026/01/12 03:06:55 PM] Performed 6479 solver calls (4.5 calls/s, eff: 0.0%, 4.5 mutants/s)
[2026/01/12 03:06:55 PM] Finished generations: 30 successful, 0 unsuccessful
[2026/01/12 03:06:55 PM] Processing seeds ../../benchmarks/SMT-benchmarks/core/unsat/uuf50-061.smt2 ../../benchmarks/SMT-benchmarks/core/unsat/uuf50-0757.smt2
[2026/01/12 03:06:56 PM] Attempting to generate 30 mutants
[2026/01/12 03:06:57 PM] Performed 6485 solver calls (4.5 calls/s, eff: 0.0%, 4.5 mutants/s)
[2026/01/12 03:06:59 PM] Performed 6494 solver calls (4.5 calls/s, eff: 0.0%, 4.5 mutants/s)
[2026/01/12 03:07:01 PM] Performed 6504 solver calls (4.5 calls/s, eff: 0.0%, 4.5 mutants/s)
[2026/01/12 03:07:03 PM] Finished generations: 30 successful, 0 unsuccessful
[2026/01/12 03:07:03 PM] Processing seeds ../../benchmarks/SMT-benchmarks/core/unsat/uuf50-0669.smt2 ../../benchmarks/SMT-benchmarks/core/unsat/uuf50-0551.smt2
[2026/01/12 03:07:03 PM] Attempting to generate 30 mutants
[2026/01/12 03:07:03 PM] Performed 6510 solver calls (4.5 calls/s, eff: 0.0%, 4.5 mutants/s)
[2026/01/12 03:07:05 PM] Performed 6520 solver calls (4.5 calls/s, eff: 0.0%, 4.5 mutants/s)
[2026/01/12 03:07:07 PM] Performed 6529 solver calls (4.5 calls/s, eff: 0.0%, 4.5 mutants/s)
[2026/01/12 03:07:09 PM] Performed 6533 solver calls (4.5 calls/s, eff: 0.0%, 4.5 mutants/s)
[2026/01/12 03:07:11 PM] Finished generations: 30 successful, 0 unsuccessful
[2026/01/12 03:07:11 PM] Processing seeds ../../benchmarks/SMT-benchmarks/core/unsat/uuf50-0716.smt2 ../../benchmarks/SMT-benchmarks/core/unsat/uuf50-0243.smt2
[2026/01/12 03:07:12 PM] Attempting to generate 30 mutants
[2026/01/12 03:07:12 PM] Performed 6540 solver calls (4.5 calls/s, eff: 0.0%, 4.5 mutants/s)
[2026/01/12 03:07:14 PM] Performed 6551 solver calls (4.5 calls/s, eff: 0.0%, 4.5 mutants/s)
[2026/01/12 03:07:16 PM] Performed 6560 solver calls (4.5 calls/s, eff: 0.0%, 4.5 mutants/s)
[2026/01/12 03:07:18 PM] Finished generations: 30 successful, 0 unsuccessful
[2026/01/12 03:07:18 PM] Processing seeds ../../benchmarks/SMT-benchmarks/core/unsat/uuf50-0423.smt2 ../../benchmarks/SMT-benchmarks/core/unsat/uuf50-0781.smt2
[2026/01/12 03:07:19 PM] Attempting to generate 30 mutants
[2026/01/12 03:07:19 PM] Performed 6570 solver calls (4.5 calls/s, eff: 0.0%, 4.5 mutants/s)
[2026/01/12 03:07:21 PM] Performed 6580 solver calls (4.5 calls/s, eff: 0.0%, 4.5 mutants/s)
[2026/01/12 03:07:23 PM] Performed 6590 solver calls (4.5 calls/s, eff: 0.0%, 4.5 mutants/s)
[2026/01/12 03:07:25 PM] Performed 6598 solver calls (4.5 calls/s, eff: 0.0%, 4.5 mutants/s)
[2026/01/12 03:07:26 PM] Finished generations: 30 successful, 0 unsuccessful
[2026/01/12 03:07:26 PM] Processing seeds ../../benchmarks/SMT-benchmarks/core/unsat/uuf50-0876.smt2 ../../benchmarks/SMT-benchmarks/core/unsat/uuf50-0326.smt2
[2026/01/12 03:07:26 PM] Attempting to generate 30 mutants
[2026/01/12 03:07:27 PM] Performed 6604 solver calls (4.5 calls/s, eff: 0.0%, 4.5 mutants/s)
[2026/01/12 03:07:29 PM] Performed 6614 solver calls (4.5 calls/s, eff: 0.0%, 4.5 mutants/s)
[2026/01/12 03:07:31 PM] Performed 6623 solver calls (4.5 calls/s, eff: 0.0%, 4.5 mutants/s)
[2026/01/12 03:07:33 PM] Finished generations: 30 successful, 0 unsuccessful
[2026/01/12 03:07:33 PM] Processing seeds ../../benchmarks/SMT-benchmarks/core/unsat/uuf50-0857.smt2 ../../benchmarks/SMT-benchmarks/core/unsat/uuf50-099.smt2
[2026/01/12 03:07:34 PM] Attempting to generate 30 mutants
[2026/01/12 03:07:34 PM] Performed 6630 solver calls (4.5 calls/s, eff: 0.0%, 4.5 mutants/s)
[2026/01/12 03:07:36 PM] Performed 6640 solver calls (4.5 calls/s, eff: 0.0%, 4.5 mutants/s)
[2026/01/12 03:07:38 PM] Performed 6650 solver calls (4.5 calls/s, eff: 0.0%, 4.5 mutants/s)
[2026/01/12 03:07:40 PM] Finished generations: 30 successful, 0 unsuccessful
[2026/01/12 03:07:40 PM] Processing seeds ../../benchmarks/SMT-benchmarks/core/unsat/uuf50-0506.smt2 ../../benchmarks/SMT-benchmarks/core/unsat/uuf50-0985.smt2
[2026/01/12 03:07:40 PM] Attempting to generate 30 mutants
[2026/01/12 03:07:40 PM] Performed 6660 solver calls (4.5 calls/s, eff: 0.0%, 4.5 mutants/s)
[2026/01/12 03:07:43 PM] Performed 6665 solver calls (4.5 calls/s, eff: 0.0%, 4.5 mutants/s)
[2026/01/12 03:07:45 PM] Performed 6676 solver calls (4.5 calls/s, eff: 0.0%, 4.5 mutants/s)
[2026/01/12 03:07:47 PM] Performed 6686 solver calls (4.5 calls/s, eff: 0.0%, 4.5 mutants/s)
[2026/01/12 03:07:48 PM] Finished generations: 30 successful, 0 unsuccessful
[2026/01/12 03:07:48 PM] Processing seeds ../../benchmarks/SMT-benchmarks/core/unsat/uuf50-0647.smt2 ../../benchmarks/SMT-benchmarks/core/unsat/uuf50-0740.smt2
[2026/01/12 03:07:49 PM] Attempting to generate 30 mutants
[2026/01/12 03:07:49 PM] Performed 6691 solver calls (4.5 calls/s, eff: 0.0%, 4.5 mutants/s)
[2026/01/12 03:07:51 PM] Performed 6700 solver calls (4.5 calls/s, eff: 0.0%, 4.5 mutants/s)
[2026/01/12 03:07:53 PM] Performed 6708 solver calls (4.5 calls/s, eff: 0.0%, 4.5 mutants/s)
[2026/01/12 03:07:55 PM] Performed 6716 solver calls (4.5 calls/s, eff: 0.0%, 4.5 mutants/s)
[2026/01/12 03:07:57 PM] Finished generations: 30 successful, 0 unsuccessful
[2026/01/12 03:07:57 PM] Processing seeds ../../benchmarks/SMT-benchmarks/core/unsat/uuf50-0332.smt2 ../../benchmarks/SMT-benchmarks/core/unsat/uuf50-0154.smt2
[2026/01/12 03:07:58 PM] Attempting to generate 30 mutants
[2026/01/12 03:07:58 PM] Performed 6720 solver calls (4.5 calls/s, eff: 0.0%, 4.5 mutants/s)
[2026/01/12 03:08:01 PM] Performed 6726 solver calls (4.5 calls/s, eff: 0.0%, 4.5 mutants/s)
[2026/01/12 03:08:03 PM] Performed 6732 solver calls (4.5 calls/s, eff: 0.0%, 4.5 mutants/s)
[2026/01/12 03:08:05 PM] Performed 6737 solver calls (4.5 calls/s, eff: 0.0%, 4.5 mutants/s)
[2026/01/12 03:08:07 PM] Performed 6743 solver calls (4.5 calls/s, eff: 0.0%, 4.5 mutants/s)
[2026/01/12 03:08:10 PM] Finished generations: 30 successful, 0 unsuccessful
[2026/01/12 03:08:10 PM] Processing seeds ../../benchmarks/SMT-benchmarks/core/unsat/uuf50-0229.smt2 ../../benchmarks/SMT-benchmarks/core/unsat/uuf50-0649.smt2
[2026/01/12 03:08:10 PM] Attempting to generate 30 mutants
[2026/01/12 03:08:10 PM] Performed 6750 solver calls (4.5 calls/s, eff: 0.0%, 4.5 mutants/s)
[2026/01/12 03:08:12 PM] Performed 6758 solver calls (4.5 calls/s, eff: 0.0%, 4.5 mutants/s)
[2026/01/12 03:08:15 PM] Performed 6766 solver calls (4.5 calls/s, eff: 0.0%, 4.5 mutants/s)
[2026/01/12 03:08:17 PM] Performed 6769 solver calls (4.5 calls/s, eff: 0.0%, 4.5 mutants/s)
[2026/01/12 03:08:19 PM] Performed 6774 solver calls (4.5 calls/s, eff: 0.0%, 4.5 mutants/s)
[2026/01/12 03:08:21 PM] Performed 6777 solver calls (4.5 calls/s, eff: 0.0%, 4.5 mutants/s)
[2026/01/12 03:08:21 PM] Finished generations: 30 successful, 0 unsuccessful
[2026/01/12 03:08:21 PM] Processing seeds ../../benchmarks/SMT-benchmarks/core/unsat/uuf50-0510.smt2 ../../benchmarks/SMT-benchmarks/core/unsat/uuf50-0564.smt2
[2026/01/12 03:08:23 PM] Attempting to generate 30 mutants
[2026/01/12 03:08:23 PM] Performed 6780 solver calls (4.5 calls/s, eff: 0.0%, 4.5 mutants/s)
[2026/01/12 03:08:25 PM] Performed 6787 solver calls (4.5 calls/s, eff: 0.0%, 4.5 mutants/s)
[2026/01/12 03:08:27 PM] Performed 6793 solver calls (4.5 calls/s, eff: 0.0%, 4.5 mutants/s)
[2026/01/12 03:08:29 PM] Performed 6800 solver calls (4.5 calls/s, eff: 0.0%, 4.5 mutants/s)
[2026/01/12 03:08:31 PM] Performed 6806 solver calls (4.5 calls/s, eff: 0.0%, 4.5 mutants/s)
[2026/01/12 03:08:32 PM] Finished generations: 30 successful, 0 unsuccessful
[2026/01/12 03:08:32 PM] Processing seeds ../../benchmarks/SMT-benchmarks/core/unsat/uuf50-0185.smt2 ../../benchmarks/SMT-benchmarks/core/unsat/uuf50-097.smt2
[2026/01/12 03:08:33 PM] Attempting to generate 30 mutants
[2026/01/12 03:08:34 PM] Performed 6811 solver calls (4.5 calls/s, eff: 0.0%, 4.5 mutants/s)
[2026/01/12 03:08:36 PM] Performed 6820 solver calls (4.5 calls/s, eff: 0.0%, 4.5 mutants/s)
[2026/01/12 03:08:38 PM] Performed 6828 solver calls (4.5 calls/s, eff: 0.0%, 4.5 mutants/s)
[2026/01/12 03:08:40 PM] Performed 6837 solver calls (4.5 calls/s, eff: 0.0%, 4.5 mutants/s)
[2026/01/12 03:08:41 PM] Finished generations: 30 successful, 0 unsuccessful
[2026/01/12 03:08:41 PM] Processing seeds ../../benchmarks/SMT-benchmarks/core/unsat/uuf50-0548.smt2 ../../benchmarks/SMT-benchmarks/core/unsat/uuf50-0326.smt2
[2026/01/12 03:08:41 PM] Attempting to generate 30 mutants
[2026/01/12 03:08:42 PM] Performed 6843 solver calls (4.5 calls/s, eff: 0.0%, 4.5 mutants/s)
[2026/01/12 03:08:44 PM] Performed 6853 solver calls (4.5 calls/s, eff: 0.0%, 4.5 mutants/s)
[2026/01/12 03:08:46 PM] Performed 6863 solver calls (4.5 calls/s, eff: 0.0%, 4.5 mutants/s)
[2026/01/12 03:08:49 PM] Performed 6869 solver calls (4.5 calls/s, eff: 0.0%, 4.5 mutants/s)
[2026/01/12 03:08:49 PM] Finished generations: 30 successful, 0 unsuccessful
[2026/01/12 03:08:49 PM] Processing seeds ../../benchmarks/SMT-benchmarks/core/unsat/uuf50-0551.smt2 ../../benchmarks/SMT-benchmarks/core/unsat/uuf50-0364.smt2
[2026/01/12 03:08:50 PM] Attempting to generate 30 mutants
[2026/01/12 03:08:51 PM] Performed 6872 solver calls (4.4 calls/s, eff: 0.0%, 4.4 mutants/s)
[2026/01/12 03:08:53 PM] Performed 6880 solver calls (4.4 calls/s, eff: 0.0%, 4.4 mutants/s)
[2026/01/12 03:08:55 PM] Performed 6889 solver calls (4.4 calls/s, eff: 0.0%, 4.4 mutants/s)
[2026/01/12 03:08:57 PM] Performed 6897 solver calls (4.4 calls/s, eff: 0.0%, 4.4 mutants/s)
[2026/01/12 03:08:58 PM] Finished generations: 30 successful, 0 unsuccessful
[2026/01/12 03:08:58 PM] Processing seeds ../../benchmarks/SMT-benchmarks/core/unsat/uuf50-0511.smt2 ../../benchmarks/SMT-benchmarks/core/unsat/uuf50-0629.smt2
[2026/01/12 03:08:59 PM] Attempting to generate 30 mutants
[2026/01/12 03:08:59 PM] Performed 6901 solver calls (4.4 calls/s, eff: 0.0%, 4.4 mutants/s)
[2026/01/12 03:09:01 PM] Performed 6906 solver calls (4.4 calls/s, eff: 0.0%, 4.4 mutants/s)
[2026/01/12 03:09:03 PM] Performed 6913 solver calls (4.4 calls/s, eff: 0.0%, 4.4 mutants/s)
[2026/01/12 03:09:06 PM] Performed 6919 solver calls (4.4 calls/s, eff: 0.0%, 4.4 mutants/s)
[2026/01/12 03:09:08 PM] Performed 6924 solver calls (4.4 calls/s, eff: 0.0%, 4.4 mutants/s)
[2026/01/12 03:09:10 PM] Finished generations: 30 successful, 0 unsuccessful
[2026/01/12 03:09:10 PM] Processing seeds ../../benchmarks/SMT-benchmarks/core/unsat/uuf50-0547.smt2 ../../benchmarks/SMT-benchmarks/core/unsat/uuf50-0841.smt2
[2026/01/12 03:09:10 PM] Attempting to generate 30 mutants
[2026/01/12 03:09:10 PM] Performed 6930 solver calls (4.4 calls/s, eff: 0.0%, 4.4 mutants/s)
[2026/01/12 03:09:13 PM] Performed 6940 solver calls (4.4 calls/s, eff: 0.0%, 4.4 mutants/s)
[2026/01/12 03:09:15 PM] Performed 6950 solver calls (4.4 calls/s, eff: 0.0%, 4.4 mutants/s)
[2026/01/12 03:09:17 PM] Finished generations: 30 successful, 0 unsuccessful
[2026/01/12 03:09:17 PM] Processing seeds ../../benchmarks/SMT-benchmarks/core/unsat/uuf50-0605.smt2 ../../benchmarks/SMT-benchmarks/core/unsat/uuf50-0700.smt2
[2026/01/12 03:09:18 PM] Attempting to generate 30 mutants
[2026/01/12 03:09:18 PM] Performed 6960 solver calls (4.4 calls/s, eff: 0.0%, 4.4 mutants/s)
[2026/01/12 03:09:20 PM] Performed 6970 solver calls (4.4 calls/s, eff: 0.0%, 4.4 mutants/s)
[2026/01/12 03:09:22 PM] Performed 6976 solver calls (4.4 calls/s, eff: 0.0%, 4.4 mutants/s)
[2026/01/12 03:09:24 PM] Performed 6987 solver calls (4.4 calls/s, eff: 0.0%, 4.4 mutants/s)
[2026/01/12 03:09:25 PM] Finished generations: 30 successful, 0 unsuccessful
[2026/01/12 03:09:25 PM] Processing seeds ../../benchmarks/SMT-benchmarks/core/unsat/uuf50-0232.smt2 ../../benchmarks/SMT-benchmarks/core/unsat/uuf50-0682.smt2
[2026/01/12 03:09:25 PM] Attempting to generate 30 mutants
[2026/01/12 03:09:26 PM] Performed 6994 solver calls (4.4 calls/s, eff: 0.0%, 4.4 mutants/s)
[2026/01/12 03:09:28 PM] Performed 7003 solver calls (4.4 calls/s, eff: 0.0%, 4.4 mutants/s)
[2026/01/12 03:09:30 PM] Performed 7013 solver calls (4.4 calls/s, eff: 0.0%, 4.4 mutants/s)
[2026/01/12 03:09:32 PM] Finished generations: 30 successful, 0 unsuccessful
[2026/01/12 03:09:32 PM] Processing seeds ../../benchmarks/SMT-benchmarks/core/unsat/uuf50-0736.smt2 ../../benchmarks/SMT-benchmarks/core/unsat/uuf50-0327.smt2
[2026/01/12 03:09:33 PM] Attempting to generate 30 mutants
[2026/01/12 03:09:33 PM] Performed 7020 solver calls (4.4 calls/s, eff: 0.0%, 4.4 mutants/s)
[2026/01/12 03:09:35 PM] Performed 7030 solver calls (4.4 calls/s, eff: 0.0%, 4.4 mutants/s)
[2026/01/12 03:09:37 PM] Performed 7040 solver calls (4.4 calls/s, eff: 0.0%, 4.4 mutants/s)
[2026/01/12 03:09:39 PM] Performed 7046 solver calls (4.4 calls/s, eff: 0.0%, 4.4 mutants/s)
[2026/01/12 03:09:40 PM] Finished generations: 30 successful, 0 unsuccessful
[2026/01/12 03:09:40 PM] Processing seeds ../../benchmarks/SMT-benchmarks/core/unsat/uuf50-092.smt2 ../../benchmarks/SMT-benchmarks/core/unsat/uuf50-0844.smt2
[2026/01/12 03:09:41 PM] Attempting to generate 30 mutants
[2026/01/12 03:09:41 PM] Performed 7052 solver calls (4.4 calls/s, eff: 0.0%, 4.4 mutants/s)
[2026/01/12 03:09:44 PM] Performed 7063 solver calls (4.4 calls/s, eff: 0.0%, 4.4 mutants/s)
[2026/01/12 03:09:46 PM] Performed 7073 solver calls (4.4 calls/s, eff: 0.0%, 4.4 mutants/s)
[2026/01/12 03:09:47 PM] Finished generations: 30 successful, 0 unsuccessful
[2026/01/12 03:09:47 PM] Processing seeds ../../benchmarks/SMT-benchmarks/core/unsat/uuf50-0564.smt2 ../../benchmarks/SMT-benchmarks/core/unsat/uuf50-0412.smt2
[2026/01/12 03:09:48 PM] Attempting to generate 30 mutants
[2026/01/12 03:09:48 PM] Performed 7080 solver calls (4.4 calls/s, eff: 0.0%, 4.4 mutants/s)
[2026/01/12 03:09:50 PM] Performed 7090 solver calls (4.4 calls/s, eff: 0.0%, 4.4 mutants/s)
[2026/01/12 03:09:52 PM] Performed 7099 solver calls (4.4 calls/s, eff: 0.0%, 4.4 mutants/s)
[2026/01/12 03:09:54 PM] Performed 7109 solver calls (4.4 calls/s, eff: 0.0%, 4.4 mutants/s)
[2026/01/12 03:09:55 PM] Finished generations: 30 successful, 0 unsuccessful
[2026/01/12 03:09:55 PM] Processing seeds ../../benchmarks/SMT-benchmarks/core/unsat/uuf50-097.smt2 ../../benchmarks/SMT-benchmarks/core/unsat/uuf50-0994.smt2
[2026/01/12 03:09:56 PM] Attempting to generate 30 mutants
[2026/01/12 03:09:56 PM] Performed 7112 solver calls (4.4 calls/s, eff: 0.0%, 4.4 mutants/s)
[2026/01/12 03:09:58 PM] Performed 7122 solver calls (4.4 calls/s, eff: 0.0%, 4.4 mutants/s)
[2026/01/12 03:10:00 PM] Performed 7132 solver calls (4.4 calls/s, eff: 0.0%, 4.4 mutants/s)
[2026/01/12 03:10:02 PM] Finished generations: 30 successful, 0 unsuccessful
[2026/01/12 03:10:02 PM] Processing seeds ../../benchmarks/SMT-benchmarks/core/unsat/uuf50-0580.smt2 ../../benchmarks/SMT-benchmarks/core/unsat/uuf50-0352.smt2
[2026/01/12 03:10:04 PM] Attempting to generate 30 mutants
[2026/01/12 03:10:04 PM] Performed 7140 solver calls (4.4 calls/s, eff: 0.0%, 4.4 mutants/s)
[2026/01/12 03:10:06 PM] Performed 7148 solver calls (4.4 calls/s, eff: 0.0%, 4.4 mutants/s)
[2026/01/12 03:10:08 PM] Performed 7156 solver calls (4.4 calls/s, eff: 0.0%, 4.4 mutants/s)
[2026/01/12 03:10:10 PM] Performed 7167 solver calls (4.4 calls/s, eff: 0.0%, 4.4 mutants/s)
[2026/01/12 03:10:10 PM] Finished generations: 30 successful, 0 unsuccessful
[2026/01/12 03:10:10 PM] Processing seeds ../../benchmarks/SMT-benchmarks/core/unsat/uuf50-0793.smt2 ../../benchmarks/SMT-benchmarks/core/unsat/uuf50-0947.smt2
[2026/01/12 03:10:11 PM] Attempting to generate 30 mutants
[2026/01/12 03:10:12 PM] Performed 7174 solver calls (4.4 calls/s, eff: 0.0%, 4.4 mutants/s)
[2026/01/12 03:10:14 PM] Performed 7183 solver calls (4.4 calls/s, eff: 0.0%, 4.4 mutants/s)
[2026/01/12 03:10:16 PM] Performed 7194 solver calls (4.4 calls/s, eff: 0.0%, 4.4 mutants/s)
[2026/01/12 03:10:17 PM] Finished generations: 30 successful, 0 unsuccessful
[2026/01/12 03:10:17 PM] Processing seeds ../../benchmarks/SMT-benchmarks/core/unsat/uuf50-0625.smt2 ../../benchmarks/SMT-benchmarks/core/unsat/uuf50-0403.smt2
[2026/01/12 03:10:18 PM] Attempting to generate 30 mutants
[2026/01/12 03:10:18 PM] Performed 7202 solver calls (4.4 calls/s, eff: 0.0%, 4.4 mutants/s)
[2026/01/12 03:10:20 PM] Performed 7212 solver calls (4.4 calls/s, eff: 0.0%, 4.4 mutants/s)
[2026/01/12 03:10:22 PM] Performed 7222 solver calls (4.4 calls/s, eff: 0.0%, 4.4 mutants/s)
[2026/01/12 03:10:24 PM] Finished generations: 30 successful, 0 unsuccessful
[2026/01/12 03:10:24 PM] Processing seeds ../../benchmarks/SMT-benchmarks/core/unsat/uuf50-0945.smt2 ../../benchmarks/SMT-benchmarks/core/unsat/uuf50-0147.smt2
[2026/01/12 03:10:25 PM] Attempting to generate 30 mutants
[2026/01/12 03:10:25 PM] Performed 7230 solver calls (4.4 calls/s, eff: 0.0%, 4.4 mutants/s)
[2026/01/12 03:10:27 PM] Performed 7239 solver calls (4.4 calls/s, eff: 0.0%, 4.4 mutants/s)
[2026/01/12 03:10:29 PM] Performed 7244 solver calls (4.4 calls/s, eff: 0.0%, 4.4 mutants/s)
[2026/01/12 03:10:31 PM] Performed 7252 solver calls (4.4 calls/s, eff: 0.0%, 4.4 mutants/s)
[2026/01/12 03:10:33 PM] Finished generations: 30 successful, 0 unsuccessful
[2026/01/12 03:10:33 PM] Processing seeds ../../benchmarks/SMT-benchmarks/core/unsat/uuf50-0788.smt2 ../../benchmarks/SMT-benchmarks/core/unsat/uuf50-052.smt2
[2026/01/12 03:10:34 PM] Attempting to generate 30 mutants
[2026/01/12 03:10:34 PM] Performed 7260 solver calls (4.4 calls/s, eff: 0.0%, 4.4 mutants/s)
[2026/01/12 03:10:36 PM] Performed 7271 solver calls (4.4 calls/s, eff: 0.0%, 4.4 mutants/s)
[2026/01/12 03:10:38 PM] Performed 7282 solver calls (4.4 calls/s, eff: 0.0%, 4.4 mutants/s)
[2026/01/12 03:10:40 PM] Finished generations: 30 successful, 0 unsuccessful
[2026/01/12 03:10:40 PM] Processing seeds ../../benchmarks/SMT-benchmarks/core/unsat/uuf50-0400.smt2 ../../benchmarks/SMT-benchmarks/core/unsat/uuf50-0329.smt2
[2026/01/12 03:10:41 PM] Attempting to generate 30 mutants
[2026/01/12 03:10:41 PM] Performed 7290 solver calls (4.4 calls/s, eff: 0.0%, 4.4 mutants/s)
[2026/01/12 03:10:43 PM] Performed 7301 solver calls (4.4 calls/s, eff: 0.0%, 4.4 mutants/s)
[2026/01/12 03:10:45 PM] Performed 7312 solver calls (4.4 calls/s, eff: 0.0%, 4.4 mutants/s)
[2026/01/12 03:10:47 PM] Finished generations: 30 successful, 0 unsuccessful
[2026/01/12 03:10:47 PM] Processing seeds ../../benchmarks/SMT-benchmarks/core/unsat/uuf50-0197.smt2 ../../benchmarks/SMT-benchmarks/core/unsat/uuf50-0258.smt2
[2026/01/12 03:10:47 PM] Attempting to generate 30 mutants
[2026/01/12 03:10:47 PM] Performed 7320 solver calls (4.4 calls/s, eff: 0.0%, 4.4 mutants/s)
[2026/01/12 03:10:49 PM] Performed 7331 solver calls (4.4 calls/s, eff: 0.0%, 4.4 mutants/s)
[2026/01/12 03:10:52 PM] Performed 7341 solver calls (4.4 calls/s, eff: 0.0%, 4.4 mutants/s)
[2026/01/12 03:10:54 PM] Finished generations: 30 successful, 0 unsuccessful
[2026/01/12 03:10:54 PM] Processing seeds ../../benchmarks/SMT-benchmarks/core/unsat/uuf50-028.smt2 ../../benchmarks/SMT-benchmarks/core/unsat/uuf50-0251.smt2
[2026/01/12 03:10:54 PM] Attempting to generate 30 mutants
[2026/01/12 03:10:54 PM] Performed 7350 solver calls (4.4 calls/s, eff: 0.0%, 4.4 mutants/s)
[2026/01/12 03:10:56 PM] Performed 7360 solver calls (4.4 calls/s, eff: 0.0%, 4.4 mutants/s)
[2026/01/12 03:10:58 PM] Performed 7369 solver calls (4.4 calls/s, eff: 0.0%, 4.4 mutants/s)
[2026/01/12 03:11:00 PM] Performed 7379 solver calls (4.4 calls/s, eff: 0.0%, 4.4 mutants/s)
[2026/01/12 03:11:01 PM] Finished generations: 30 successful, 0 unsuccessful
[2026/01/12 03:11:01 PM] Processing seeds ../../benchmarks/SMT-benchmarks/core/unsat/uuf50-0643.smt2 ../../benchmarks/SMT-benchmarks/core/unsat/uuf50-0661.smt2
[2026/01/12 03:11:02 PM] Attempting to generate 30 mutants
[2026/01/12 03:11:02 PM] Performed 7382 solver calls (4.4 calls/s, eff: 0.0%, 4.4 mutants/s)
[2026/01/12 03:11:04 PM] Performed 7390 solver calls (4.4 calls/s, eff: 0.0%, 4.4 mutants/s)
[2026/01/12 03:11:07 PM] Performed 7398 solver calls (4.4 calls/s, eff: 0.0%, 4.4 mutants/s)
[2026/01/12 03:11:09 PM] Performed 7407 solver calls (4.4 calls/s, eff: 0.0%, 4.4 mutants/s)
[2026/01/12 03:11:09 PM] Finished generations: 30 successful, 0 unsuccessful
[2026/01/12 03:11:09 PM] Processing seeds ../../benchmarks/SMT-benchmarks/core/unsat/uuf50-0245.smt2 ../../benchmarks/SMT-benchmarks/core/unsat/uuf50-072.smt2
[2026/01/12 03:11:10 PM] Attempting to generate 30 mutants
[2026/01/12 03:11:11 PM] Performed 7413 solver calls (4.4 calls/s, eff: 0.0%, 4.4 mutants/s)
[2026/01/12 03:11:13 PM] Performed 7421 solver calls (4.4 calls/s, eff: 0.0%, 4.4 mutants/s)
[2026/01/12 03:11:15 PM] Performed 7432 solver calls (4.4 calls/s, eff: 0.0%, 4.4 mutants/s)
[2026/01/12 03:11:17 PM] Finished generations: 30 successful, 0 unsuccessful
[2026/01/12 03:11:17 PM] Processing seeds ../../benchmarks/SMT-benchmarks/core/unsat/uuf50-0301.smt2 ../../benchmarks/SMT-benchmarks/core/unsat/uuf50-0318.smt2
[2026/01/12 03:11:17 PM] Attempting to generate 30 mutants
[2026/01/12 03:11:17 PM] Performed 7440 solver calls (4.4 calls/s, eff: 0.0%, 4.4 mutants/s)
[2026/01/12 03:11:19 PM] Performed 7448 solver calls (4.4 calls/s, eff: 0.0%, 4.4 mutants/s)
[2026/01/12 03:11:22 PM] Performed 7459 solver calls (4.4 calls/s, eff: 0.0%, 4.4 mutants/s)
[2026/01/12 03:11:24 PM] Performed 7468 solver calls (4.4 calls/s, eff: 0.0%, 4.4 mutants/s)
[2026/01/12 03:11:24 PM] Finished generations: 30 successful, 0 unsuccessful
[2026/01/12 03:11:24 PM] Processing seeds ../../benchmarks/SMT-benchmarks/core/unsat/uuf50-089.smt2 ../../benchmarks/SMT-benchmarks/core/unsat/uuf50-0748.smt2
[2026/01/12 03:11:25 PM] Attempting to generate 30 mutants
[2026/01/12 03:11:26 PM] Performed 7472 solver calls (4.4 calls/s, eff: 0.0%, 4.4 mutants/s)
[2026/01/12 03:11:28 PM] Performed 7478 solver calls (4.4 calls/s, eff: 0.0%, 4.4 mutants/s)
[2026/01/12 03:11:30 PM] Performed 7488 solver calls (4.4 calls/s, eff: 0.0%, 4.4 mutants/s)
[2026/01/12 03:11:32 PM] Performed 7498 solver calls (4.4 calls/s, eff: 0.0%, 4.4 mutants/s)
[2026/01/12 03:11:33 PM] Finished generations: 30 successful, 0 unsuccessful
[2026/01/12 03:11:33 PM] Processing seeds ../../benchmarks/SMT-benchmarks/core/unsat/uuf50-075.smt2 ../../benchmarks/SMT-benchmarks/core/unsat/uuf50-0808.smt2
[2026/01/12 03:11:33 PM] Attempting to generate 30 mutants
[2026/01/12 03:11:35 PM] Performed 7501 solver calls (4.4 calls/s, eff: 0.0%, 4.4 mutants/s)
[2026/01/12 03:11:37 PM] Performed 7512 solver calls (4.4 calls/s, eff: 0.0%, 4.4 mutants/s)
[2026/01/12 03:11:39 PM] Performed 7521 solver calls (4.4 calls/s, eff: 0.0%, 4.4 mutants/s)
[2026/01/12 03:11:41 PM] Finished generations: 30 successful, 0 unsuccessful
[2026/01/12 03:11:41 PM] Processing seeds ../../benchmarks/SMT-benchmarks/core/unsat/uuf50-0897.smt2 ../../benchmarks/SMT-benchmarks/core/unsat/uuf50-0949.smt2
[2026/01/12 03:11:42 PM] Attempting to generate 30 mutants
[2026/01/12 03:11:42 PM] Performed 7530 solver calls (4.4 calls/s, eff: 0.0%, 4.4 mutants/s)
[2026/01/12 03:11:44 PM] Performed 7541 solver calls (4.4 calls/s, eff: 0.0%, 4.4 mutants/s)
[2026/01/12 03:11:46 PM] Performed 7551 solver calls (4.4 calls/s, eff: 0.0%, 4.4 mutants/s)
[2026/01/12 03:11:48 PM] Finished generations: 30 successful, 0 unsuccessful
[2026/01/12 03:11:48 PM] Processing seeds ../../benchmarks/SMT-benchmarks/core/unsat/uuf50-0101.smt2 ../../benchmarks/SMT-benchmarks/core/unsat/uuf50-0641.smt2
[2026/01/12 03:11:48 PM] Attempting to generate 30 mutants
[2026/01/12 03:11:48 PM] Performed 7560 solver calls (4.4 calls/s, eff: 0.0%, 4.4 mutants/s)
[2026/01/12 03:11:51 PM] Performed 7571 solver calls (4.4 calls/s, eff: 0.0%, 4.4 mutants/s)
[2026/01/12 03:11:53 PM] Performed 7581 solver calls (4.4 calls/s, eff: 0.0%, 4.4 mutants/s)
[2026/01/12 03:11:55 PM] Finished generations: 30 successful, 0 unsuccessful
[2026/01/12 03:11:55 PM] Processing seeds ../../benchmarks/SMT-benchmarks/core/unsat/uuf50-0459.smt2 ../../benchmarks/SMT-benchmarks/core/unsat/uuf50-0481.smt2
[2026/01/12 03:11:55 PM] Attempting to generate 30 mutants
[2026/01/12 03:11:55 PM] Performed 7590 solver calls (4.4 calls/s, eff: 0.0%, 4.4 mutants/s)
[2026/01/12 03:11:58 PM] Performed 7600 solver calls (4.4 calls/s, eff: 0.0%, 4.4 mutants/s)
[2026/01/12 03:12:00 PM] Performed 7610 solver calls (4.4 calls/s, eff: 0.0%, 4.4 mutants/s)
[2026/01/12 03:12:02 PM] Performed 7616 solver calls (4.4 calls/s, eff: 0.0%, 4.4 mutants/s)
[2026/01/12 03:12:03 PM] Finished generations: 30 successful, 0 unsuccessful
[2026/01/12 03:12:03 PM] Processing seeds ../../benchmarks/SMT-benchmarks/core/unsat/uuf50-07.smt2 ../../benchmarks/SMT-benchmarks/core/unsat/uuf50-0197.smt2
[2026/01/12 03:12:04 PM] Attempting to generate 30 mutants
[2026/01/12 03:12:04 PM] Performed 7621 solver calls (4.4 calls/s, eff: 0.0%, 4.4 mutants/s)
[2026/01/12 03:12:06 PM] Performed 7630 solver calls (4.4 calls/s, eff: 0.0%, 4.4 mutants/s)
[2026/01/12 03:12:08 PM] Performed 7635 solver calls (4.4 calls/s, eff: 0.0%, 4.4 mutants/s)
[2026/01/12 03:12:11 PM] Performed 7643 solver calls (4.4 calls/s, eff: 0.0%, 4.4 mutants/s)
[2026/01/12 03:12:12 PM] Finished generations: 30 successful, 0 unsuccessful
[2026/01/12 03:12:12 PM] Processing seeds ../../benchmarks/SMT-benchmarks/core/unsat/uuf50-0628.smt2 ../../benchmarks/SMT-benchmarks/core/unsat/uuf50-0160.smt2
[2026/01/12 03:12:13 PM] Attempting to generate 30 mutants
[2026/01/12 03:12:13 PM] Performed 7650 solver calls (4.4 calls/s, eff: 0.0%, 4.4 mutants/s)
[2026/01/12 03:12:15 PM] Performed 7659 solver calls (4.4 calls/s, eff: 0.0%, 4.4 mutants/s)
[2026/01/12 03:12:17 PM] Performed 7666 solver calls (4.4 calls/s, eff: 0.0%, 4.4 mutants/s)
[2026/01/12 03:12:20 PM] Performed 7674 solver calls (4.4 calls/s, eff: 0.0%, 4.4 mutants/s)
[2026/01/12 03:12:21 PM] Finished generations: 30 successful, 0 unsuccessful
[2026/01/12 03:12:21 PM] Processing seeds ../../benchmarks/SMT-benchmarks/core/unsat/uuf50-0313.smt2 ../../benchmarks/SMT-benchmarks/core/unsat/uuf50-0909.smt2
[2026/01/12 03:12:22 PM] Attempting to generate 30 mutants
[2026/01/12 03:12:22 PM] Performed 7680 solver calls (4.4 calls/s, eff: 0.0%, 4.4 mutants/s)
[2026/01/12 03:12:24 PM] Performed 7687 solver calls (4.4 calls/s, eff: 0.0%, 4.4 mutants/s)
[2026/01/12 03:12:26 PM] Performed 7695 solver calls (4.4 calls/s, eff: 0.0%, 4.4 mutants/s)
[2026/01/12 03:12:29 PM] Performed 7704 solver calls (4.4 calls/s, eff: 0.0%, 4.4 mutants/s)
[2026/01/12 03:12:30 PM] Finished generations: 30 successful, 0 unsuccessful
[2026/01/12 03:12:30 PM] Processing seeds ../../benchmarks/SMT-benchmarks/core/unsat/uuf50-0963.smt2 ../../benchmarks/SMT-benchmarks/core/unsat/uuf50-0188.smt2
[2026/01/12 03:12:31 PM] Attempting to generate 30 mutants
[2026/01/12 03:12:31 PM] Performed 7710 solver calls (4.4 calls/s, eff: 0.0%, 4.4 mutants/s)
[2026/01/12 03:12:33 PM] Performed 7718 solver calls (4.4 calls/s, eff: 0.0%, 4.4 mutants/s)
[2026/01/12 03:12:35 PM] Performed 7727 solver calls (4.4 calls/s, eff: 0.0%, 4.4 mutants/s)
[2026/01/12 03:12:37 PM] Performed 7735 solver calls (4.4 calls/s, eff: 0.0%, 4.4 mutants/s)
[2026/01/12 03:12:38 PM] Finished generations: 30 successful, 0 unsuccessful
[2026/01/12 03:12:38 PM] Processing seeds ../../benchmarks/SMT-benchmarks/core/unsat/uuf50-0211.smt2 ../../benchmarks/SMT-benchmarks/core/unsat/uuf50-0643.smt2
[2026/01/12 03:12:39 PM] Attempting to generate 30 mutants
[2026/01/12 03:12:39 PM] Performed 7741 solver calls (4.4 calls/s, eff: 0.0%, 4.4 mutants/s)
[2026/01/12 03:12:41 PM] Performed 7744 solver calls (4.4 calls/s, eff: 0.0%, 4.4 mutants/s)
[2026/01/12 03:12:44 PM] Performed 7752 solver calls (4.4 calls/s, eff: 0.0%, 4.4 mutants/s)
[2026/01/12 03:12:46 PM] Performed 7758 solver calls (4.4 calls/s, eff: 0.0%, 4.4 mutants/s)
[2026/01/12 03:12:48 PM] Performed 7763 solver calls (4.4 calls/s, eff: 0.0%, 4.4 mutants/s)
[2026/01/12 03:12:50 PM] Finished generations: 30 successful, 0 unsuccessful
[2026/01/12 03:12:50 PM] Processing seeds ../../benchmarks/SMT-benchmarks/core/unsat/uuf50-0571.smt2 ../../benchmarks/SMT-benchmarks/core/unsat/uuf50-01000.smt2
[2026/01/12 03:12:51 PM] Attempting to generate 30 mutants
[2026/01/12 03:12:51 PM] Performed 7770 solver calls (4.4 calls/s, eff: 0.0%, 4.4 mutants/s)
[2026/01/12 03:12:53 PM] Performed 7779 solver calls (4.4 calls/s, eff: 0.0%, 4.4 mutants/s)
[2026/01/12 03:12:56 PM] Performed 7788 solver calls (4.4 calls/s, eff: 0.0%, 4.4 mutants/s)
[2026/01/12 03:12:58 PM] Performed 7796 solver calls (4.4 calls/s, eff: 0.0%, 4.4 mutants/s)
[2026/01/12 03:12:59 PM] Finished generations: 30 successful, 0 unsuccessful
[2026/01/12 03:12:59 PM] Processing seeds ../../benchmarks/SMT-benchmarks/core/unsat/uuf50-0827.smt2 ../../benchmarks/SMT-benchmarks/core/unsat/uuf50-0298.smt2
[2026/01/12 03:12:59 PM] Attempting to generate 30 mutants
[2026/01/12 03:13:00 PM] Performed 7801 solver calls (4.3 calls/s, eff: 0.0%, 4.3 mutants/s)
[2026/01/12 03:13:02 PM] Performed 7809 solver calls (4.3 calls/s, eff: 0.0%, 4.3 mutants/s)
[2026/01/12 03:13:04 PM] Performed 7817 solver calls (4.3 calls/s, eff: 0.0%, 4.3 mutants/s)
[2026/01/12 03:13:06 PM] Performed 7825 solver calls (4.3 calls/s, eff: 0.0%, 4.3 mutants/s)
[2026/01/12 03:13:08 PM] Finished generations: 30 successful, 0 unsuccessful
[2026/01/12 03:13:08 PM] Processing seeds ../../benchmarks/SMT-benchmarks/core/unsat/uuf50-0257.smt2 ../../benchmarks/SMT-benchmarks/core/unsat/uuf50-0154.smt2
[2026/01/12 03:13:09 PM] Attempting to generate 30 mutants
[2026/01/12 03:13:09 PM] Performed 7830 solver calls (4.3 calls/s, eff: 0.0%, 4.3 mutants/s)
[2026/01/12 03:13:11 PM] Performed 7837 solver calls (4.3 calls/s, eff: 0.0%, 4.3 mutants/s)
[2026/01/12 03:13:13 PM] Performed 7843 solver calls (4.3 calls/s, eff: 0.0%, 4.3 mutants/s)
[2026/01/12 03:13:15 PM] Performed 7847 solver calls (4.3 calls/s, eff: 0.0%, 4.3 mutants/s)
[2026/01/12 03:13:17 PM] Performed 7854 solver calls (4.3 calls/s, eff: 0.0%, 4.3 mutants/s)
[2026/01/12 03:13:18 PM] Finished generations: 30 successful, 0 unsuccessful
[2026/01/12 03:13:18 PM] Processing seeds ../../benchmarks/SMT-benchmarks/core/unsat/uuf50-0812.smt2 ../../benchmarks/SMT-benchmarks/core/unsat/uuf50-0250.smt2
[2026/01/12 03:13:19 PM] Attempting to generate 30 mutants
[2026/01/12 03:13:19 PM] Performed 7860 solver calls (4.3 calls/s, eff: 0.0%, 4.3 mutants/s)
[2026/01/12 03:13:21 PM] Performed 7868 solver calls (4.3 calls/s, eff: 0.0%, 4.3 mutants/s)
[2026/01/12 03:13:24 PM] Performed 7876 solver calls (4.3 calls/s, eff: 0.0%, 4.3 mutants/s)
[2026/01/12 03:13:26 PM] Performed 7883 solver calls (4.3 calls/s, eff: 0.0%, 4.3 mutants/s)
[2026/01/12 03:13:27 PM] Finished generations: 30 successful, 0 unsuccessful
[2026/01/12 03:13:27 PM] Processing seeds ../../benchmarks/SMT-benchmarks/core/unsat/uuf50-0934.smt2 ../../benchmarks/SMT-benchmarks/core/unsat/uuf50-0392.smt2
[2026/01/12 03:13:28 PM] Attempting to generate 30 mutants
[2026/01/12 03:13:28 PM] Performed 7890 solver calls (4.3 calls/s, eff: 0.0%, 4.3 mutants/s)
[2026/01/12 03:13:30 PM] Performed 7899 solver calls (4.3 calls/s, eff: 0.0%, 4.3 mutants/s)
[2026/01/12 03:13:32 PM] Performed 7907 solver calls (4.3 calls/s, eff: 0.0%, 4.3 mutants/s)
[2026/01/12 03:13:34 PM] Performed 7915 solver calls (4.3 calls/s, eff: 0.0%, 4.3 mutants/s)
[2026/01/12 03:13:36 PM] Finished generations: 30 successful, 0 unsuccessful
[2026/01/12 03:13:36 PM] Processing seeds ../../benchmarks/SMT-benchmarks/core/unsat/uuf50-0671.smt2 ../../benchmarks/SMT-benchmarks/core/unsat/uuf50-0175.smt2
[2026/01/12 03:13:36 PM] Attempting to generate 30 mutants
[2026/01/12 03:13:36 PM] Performed 7920 solver calls (4.3 calls/s, eff: 0.0%, 4.3 mutants/s)
[2026/01/12 03:13:38 PM] Performed 7928 solver calls (4.3 calls/s, eff: 0.0%, 4.3 mutants/s)
[2026/01/12 03:13:41 PM] Performed 7937 solver calls (4.3 calls/s, eff: 0.0%, 4.3 mutants/s)
[2026/01/12 03:13:43 PM] Performed 7946 solver calls (4.3 calls/s, eff: 0.0%, 4.3 mutants/s)
[2026/01/12 03:13:44 PM] Finished generations: 30 successful, 0 unsuccessful
[2026/01/12 03:13:44 PM] Processing seeds ../../benchmarks/SMT-benchmarks/core/unsat/uuf50-0977.smt2 ../../benchmarks/SMT-benchmarks/core/unsat/uuf50-0481.smt2
[2026/01/12 03:13:44 PM] Attempting to generate 30 mutants
[2026/01/12 03:13:45 PM] Performed 7952 solver calls (4.3 calls/s, eff: 0.0%, 4.3 mutants/s)
[2026/01/12 03:13:47 PM] Performed 7958 solver calls (4.3 calls/s, eff: 0.0%, 4.3 mutants/s)
[2026/01/12 03:13:50 PM] Performed 7964 solver calls (4.3 calls/s, eff: 0.0%, 4.3 mutants/s)
[2026/01/12 03:13:52 PM] Performed 7973 solver calls (4.3 calls/s, eff: 0.0%, 4.3 mutants/s)
[2026/01/12 03:13:54 PM] Finished generations: 30 successful, 0 unsuccessful
[2026/01/12 03:13:54 PM] Processing seeds ../../benchmarks/SMT-benchmarks/core/unsat/uuf50-0494.smt2 ../../benchmarks/SMT-benchmarks/core/unsat/uuf50-0529.smt2
[2026/01/12 03:13:55 PM] Attempting to generate 30 mutants
[2026/01/12 03:13:55 PM] Performed 7980 solver calls (4.3 calls/s, eff: 0.0%, 4.3 mutants/s)
[2026/01/12 03:13:57 PM] Performed 7988 solver calls (4.3 calls/s, eff: 0.0%, 4.3 mutants/s)
[2026/01/12 03:13:59 PM] Performed 7996 solver calls (4.3 calls/s, eff: 0.0%, 4.3 mutants/s)
[2026/01/12 03:14:01 PM] Performed 8003 solver calls (4.3 calls/s, eff: 0.0%, 4.3 mutants/s)
[2026/01/12 03:14:03 PM] Finished generations: 30 successful, 0 unsuccessful
[2026/01/12 03:14:03 PM] Processing seeds ../../benchmarks/SMT-benchmarks/core/unsat/uuf50-0100.smt2 ../../benchmarks/SMT-benchmarks/core/unsat/uuf50-0262.smt2
[2026/01/12 03:14:03 PM] Attempting to generate 30 mutants
[2026/01/12 03:14:03 PM] Performed 8010 solver calls (4.3 calls/s, eff: 0.0%, 4.3 mutants/s)
[2026/01/12 03:14:05 PM] Performed 8017 solver calls (4.3 calls/s, eff: 0.0%, 4.3 mutants/s)
[2026/01/12 03:14:07 PM] Performed 8024 solver calls (4.3 calls/s, eff: 0.0%, 4.3 mutants/s)
[2026/01/12 03:14:10 PM] Performed 8032 solver calls (4.3 calls/s, eff: 0.0%, 4.3 mutants/s)
[2026/01/12 03:14:12 PM] Finished generations: 30 successful, 0 unsuccessful
[2026/01/12 03:14:12 PM] Processing seeds ../../benchmarks/SMT-benchmarks/core/unsat/uuf50-0359.smt2 ../../benchmarks/SMT-benchmarks/core/unsat/uuf50-0270.smt2
[2026/01/12 03:14:12 PM] Attempting to generate 30 mutants
[2026/01/12 03:14:12 PM] Performed 8040 solver calls (4.3 calls/s, eff: 0.0%, 4.3 mutants/s)
[2026/01/12 03:14:15 PM] Performed 8049 solver calls (4.3 calls/s, eff: 0.0%, 4.3 mutants/s)
[2026/01/12 03:14:17 PM] Performed 8057 solver calls (4.3 calls/s, eff: 0.0%, 4.3 mutants/s)
[2026/01/12 03:14:19 PM] Performed 8065 solver calls (4.3 calls/s, eff: 0.0%, 4.3 mutants/s)
[2026/01/12 03:14:21 PM] Performed 8069 solver calls (4.3 calls/s, eff: 0.0%, 4.3 mutants/s)
[2026/01/12 03:14:21 PM] Finished generations: 30 successful, 0 unsuccessful
[2026/01/12 03:14:21 PM] Processing seeds ../../benchmarks/SMT-benchmarks/core/unsat/uuf50-0485.smt2 ../../benchmarks/SMT-benchmarks/core/unsat/uuf50-0418.smt2
[2026/01/12 03:14:22 PM] Attempting to generate 30 mutants
[2026/01/12 03:14:23 PM] Performed 8074 solver calls (4.3 calls/s, eff: 0.0%, 4.3 mutants/s)
[2026/01/12 03:14:25 PM] Performed 8081 solver calls (4.3 calls/s, eff: 0.0%, 4.3 mutants/s)
[2026/01/12 03:14:27 PM] Performed 8089 solver calls (4.3 calls/s, eff: 0.0%, 4.3 mutants/s)
[2026/01/12 03:14:30 PM] Performed 8098 solver calls (4.3 calls/s, eff: 0.0%, 4.3 mutants/s)
[2026/01/12 03:14:30 PM] Finished generations: 30 successful, 0 unsuccessful
[2026/01/12 03:14:30 PM] Processing seeds ../../benchmarks/SMT-benchmarks/core/unsat/uuf50-0742.smt2 ../../benchmarks/SMT-benchmarks/core/unsat/uuf50-0900.smt2
[2026/01/12 03:14:31 PM] Attempting to generate 30 mutants
[2026/01/12 03:14:32 PM] Performed 8104 solver calls (4.3 calls/s, eff: 0.0%, 4.3 mutants/s)
[2026/01/12 03:14:34 PM] Performed 8114 solver calls (4.3 calls/s, eff: 0.0%, 4.3 mutants/s)
[2026/01/12 03:14:36 PM] Performed 8123 solver calls (4.3 calls/s, eff: 0.0%, 4.3 mutants/s)
[2026/01/12 03:14:38 PM] Finished generations: 30 successful, 0 unsuccessful
[2026/01/12 03:14:38 PM] Processing seeds ../../benchmarks/SMT-benchmarks/core/unsat/uuf50-0349.smt2 ../../benchmarks/SMT-benchmarks/core/unsat/uuf50-0896.smt2
[2026/01/12 03:14:38 PM] Attempting to generate 30 mutants
[2026/01/12 03:14:38 PM] Performed 8130 solver calls (4.3 calls/s, eff: 0.0%, 4.3 mutants/s)
[2026/01/12 03:14:40 PM] Performed 8140 solver calls (4.3 calls/s, eff: 0.0%, 4.3 mutants/s)
[2026/01/12 03:14:43 PM] Performed 8149 solver calls (4.3 calls/s, eff: 0.0%, 4.3 mutants/s)
[2026/01/12 03:14:45 PM] Performed 8157 solver calls (4.3 calls/s, eff: 0.0%, 4.3 mutants/s)
[2026/01/12 03:14:45 PM] Finished generations: 30 successful, 0 unsuccessful
[2026/01/12 03:14:45 PM] Processing seeds ../../benchmarks/SMT-benchmarks/core/unsat/uuf50-029.smt2 ../../benchmarks/SMT-benchmarks/core/unsat/uuf50-0881.smt2
[2026/01/12 03:14:46 PM] Attempting to generate 30 mutants
[2026/01/12 03:14:47 PM] Performed 8163 solver calls (4.3 calls/s, eff: 0.0%, 4.3 mutants/s)
[2026/01/12 03:14:49 PM] Performed 8172 solver calls (4.3 calls/s, eff: 0.0%, 4.3 mutants/s)
[2026/01/12 03:14:51 PM] Performed 8181 solver calls (4.3 calls/s, eff: 0.0%, 4.3 mutants/s)
[2026/01/12 03:14:54 PM] Performed 8188 solver calls (4.3 calls/s, eff: 0.0%, 4.3 mutants/s)
[2026/01/12 03:14:54 PM] Finished generations: 30 successful, 0 unsuccessful
[2026/01/12 03:14:54 PM] Processing seeds ../../benchmarks/SMT-benchmarks/core/unsat/uuf50-0976.smt2 ../../benchmarks/SMT-benchmarks/core/unsat/uuf50-0198.smt2
[2026/01/12 03:14:55 PM] Attempting to generate 30 mutants
[2026/01/12 03:14:56 PM] Performed 8194 solver calls (4.3 calls/s, eff: 0.0%, 4.3 mutants/s)
[2026/01/12 03:14:58 PM] Performed 8201 solver calls (4.3 calls/s, eff: 0.0%, 4.3 mutants/s)
[2026/01/12 03:15:00 PM] Performed 8210 solver calls (4.3 calls/s, eff: 0.0%, 4.3 mutants/s)
[2026/01/12 03:15:03 PM] Performed 8218 solver calls (4.3 calls/s, eff: 0.0%, 4.3 mutants/s)
[2026/01/12 03:15:03 PM] Finished generations: 30 successful, 0 unsuccessful
[2026/01/12 03:15:03 PM] Processing seeds ../../benchmarks/SMT-benchmarks/core/unsat/uuf50-0743.smt2 ../../benchmarks/SMT-benchmarks/core/unsat/uuf50-0341.smt2
[2026/01/12 03:15:04 PM] Attempting to generate 30 mutants
[2026/01/12 03:15:05 PM] Performed 8223 solver calls (4.3 calls/s, eff: 0.0%, 4.3 mutants/s)
[2026/01/12 03:15:07 PM] Performed 8232 solver calls (4.3 calls/s, eff: 0.0%, 4.3 mutants/s)
[2026/01/12 03:15:09 PM] Performed 8241 solver calls (4.3 calls/s, eff: 0.0%, 4.3 mutants/s)
[2026/01/12 03:15:11 PM] Finished generations: 30 successful, 0 unsuccessful
[2026/01/12 03:15:11 PM] Processing seeds ../../benchmarks/SMT-benchmarks/core/unsat/uuf50-0555.smt2 ../../benchmarks/SMT-benchmarks/core/unsat/uuf50-0158.smt2
[2026/01/12 03:15:12 PM] Attempting to generate 30 mutants
[2026/01/12 03:15:12 PM] Performed 8250 solver calls (4.3 calls/s, eff: 0.0%, 4.3 mutants/s)
[2026/01/12 03:15:14 PM] Performed 8258 solver calls (4.3 calls/s, eff: 0.0%, 4.3 mutants/s)
[2026/01/12 03:15:16 PM] Performed 8267 solver calls (4.3 calls/s, eff: 0.0%, 4.3 mutants/s)
[2026/01/12 03:15:18 PM] Performed 8276 solver calls (4.3 calls/s, eff: 0.0%, 4.3 mutants/s)
[2026/01/12 03:15:19 PM] Finished generations: 30 successful, 0 unsuccessful
[2026/01/12 03:15:19 PM] Processing seeds ../../benchmarks/SMT-benchmarks/core/unsat/uuf50-0413.smt2 ../../benchmarks/SMT-benchmarks/core/unsat/uuf50-057.smt2
[2026/01/12 03:15:20 PM] Attempting to generate 30 mutants
[2026/01/12 03:15:20 PM] Performed 8282 solver calls (4.3 calls/s, eff: 0.0%, 4.3 mutants/s)
[2026/01/12 03:15:22 PM] Performed 8292 solver calls (4.3 calls/s, eff: 0.0%, 4.3 mutants/s)
[2026/01/12 03:15:25 PM] Performed 8302 solver calls (4.3 calls/s, eff: 0.0%, 4.3 mutants/s)
[2026/01/12 03:15:27 PM] Performed 8307 solver calls (4.3 calls/s, eff: 0.0%, 4.3 mutants/s)
[2026/01/12 03:15:28 PM] Finished generations: 30 successful, 0 unsuccessful
[2026/01/12 03:15:28 PM] Processing seeds ../../benchmarks/SMT-benchmarks/core/unsat/uuf50-0361.smt2 ../../benchmarks/SMT-benchmarks/core/unsat/uuf50-0692.smt2
[2026/01/12 03:15:29 PM] Attempting to generate 30 mutants
[2026/01/12 03:15:29 PM] Performed 8312 solver calls (4.3 calls/s, eff: 0.0%, 4.3 mutants/s)
[2026/01/12 03:15:31 PM] Performed 8322 solver calls (4.3 calls/s, eff: 0.0%, 4.3 mutants/s)
[2026/01/12 03:15:33 PM] Performed 8333 solver calls (4.3 calls/s, eff: 0.0%, 4.3 mutants/s)
[2026/01/12 03:15:35 PM] Finished generations: 30 successful, 0 unsuccessful
[2026/01/12 03:15:35 PM] Processing seeds ../../benchmarks/SMT-benchmarks/core/unsat/uuf50-0342.smt2 ../../benchmarks/SMT-benchmarks/core/unsat/uuf50-0277.smt2
[2026/01/12 03:15:35 PM] Attempting to generate 30 mutants
[2026/01/12 03:15:35 PM] Performed 8340 solver calls (4.3 calls/s, eff: 0.0%, 4.3 mutants/s)
[2026/01/12 03:15:37 PM] Performed 8349 solver calls (4.3 calls/s, eff: 0.0%, 4.3 mutants/s)
[2026/01/12 03:15:40 PM] Performed 8358 solver calls (4.3 calls/s, eff: 0.0%, 4.3 mutants/s)
[2026/01/12 03:15:42 PM] Performed 8367 solver calls (4.3 calls/s, eff: 0.0%, 4.3 mutants/s)
[2026/01/12 03:15:43 PM] Finished generations: 30 successful, 0 unsuccessful
[2026/01/12 03:15:43 PM] Processing seeds ../../benchmarks/SMT-benchmarks/core/unsat/uuf50-0137.smt2 ../../benchmarks/SMT-benchmarks/core/unsat/uuf50-0728.smt2
[2026/01/12 03:15:43 PM] Attempting to generate 30 mutants
[2026/01/12 03:15:44 PM] Performed 8372 solver calls (4.3 calls/s, eff: 0.0%, 4.3 mutants/s)
[2026/01/12 03:15:46 PM] Performed 8383 solver calls (4.3 calls/s, eff: 0.0%, 4.3 mutants/s)
[2026/01/12 03:15:48 PM] Performed 8393 solver calls (4.3 calls/s, eff: 0.0%, 4.3 mutants/s)
[2026/01/12 03:15:50 PM] Finished generations: 30 successful, 0 unsuccessful
[2026/01/12 03:15:50 PM] Processing seeds ../../benchmarks/SMT-benchmarks/core/unsat/uuf50-0939.smt2 ../../benchmarks/SMT-benchmarks/core/unsat/uuf50-0480.smt2
[2026/01/12 03:15:50 PM] Attempting to generate 30 mutants
[2026/01/12 03:15:50 PM] Performed 8400 solver calls (4.3 calls/s, eff: 0.0%, 4.3 mutants/s)
[2026/01/12 03:15:52 PM] Performed 8411 solver calls (4.3 calls/s, eff: 0.0%, 4.3 mutants/s)
[2026/01/12 03:15:55 PM] Performed 8421 solver calls (4.3 calls/s, eff: 0.0%, 4.3 mutants/s)
[2026/01/12 03:15:56 PM] Finished generations: 30 successful, 0 unsuccessful
[2026/01/12 03:15:56 PM] Processing seeds ../../benchmarks/SMT-benchmarks/core/unsat/uuf50-0131.smt2 ../../benchmarks/SMT-benchmarks/core/unsat/uuf50-0748.smt2
[2026/01/12 03:15:57 PM] Attempting to generate 30 mutants
[2026/01/12 03:15:57 PM] Performed 8430 solver calls (4.3 calls/s, eff: 0.0%, 4.3 mutants/s)
[2026/01/12 03:15:59 PM] Performed 8440 solver calls (4.3 calls/s, eff: 0.0%, 4.3 mutants/s)
[2026/01/12 03:16:01 PM] Performed 8445 solver calls (4.3 calls/s, eff: 0.0%, 4.3 mutants/s)
[2026/01/12 03:16:03 PM] Performed 8455 solver calls (4.3 calls/s, eff: 0.0%, 4.3 mutants/s)
[2026/01/12 03:16:04 PM] Finished generations: 30 successful, 0 unsuccessful
[2026/01/12 03:16:04 PM] Processing seeds ../../benchmarks/SMT-benchmarks/core/unsat/uuf50-0210.smt2 ../../benchmarks/SMT-benchmarks/core/unsat/uuf50-0563.smt2
[2026/01/12 03:16:05 PM] Attempting to generate 30 mutants
[2026/01/12 03:16:05 PM] Performed 8462 solver calls (4.3 calls/s, eff: 0.0%, 4.3 mutants/s)
[2026/01/12 03:16:07 PM] Performed 8472 solver calls (4.3 calls/s, eff: 0.0%, 4.3 mutants/s)
[2026/01/12 03:16:09 PM] Performed 8480 solver calls (4.3 calls/s, eff: 0.0%, 4.3 mutants/s)
[2026/01/12 03:16:12 PM] Finished generations: 30 successful, 0 unsuccessful
[2026/01/12 03:16:12 PM] Processing seeds ../../benchmarks/SMT-benchmarks/core/unsat/uuf50-0300.smt2 ../../benchmarks/SMT-benchmarks/core/unsat/uuf50-0561.smt2
[2026/01/12 03:16:12 PM] Attempting to generate 30 mutants
[2026/01/12 03:16:12 PM] Performed 8490 solver calls (4.3 calls/s, eff: 0.0%, 4.3 mutants/s)
[2026/01/12 03:16:14 PM] Performed 8500 solver calls (4.3 calls/s, eff: 0.0%, 4.3 mutants/s)
[2026/01/12 03:16:16 PM] Performed 8511 solver calls (4.3 calls/s, eff: 0.0%, 4.3 mutants/s)
[2026/01/12 03:16:18 PM] Finished generations: 30 successful, 0 unsuccessful
[2026/01/12 03:16:18 PM] Processing seeds ../../benchmarks/SMT-benchmarks/core/unsat/uuf50-020.smt2 ../../benchmarks/SMT-benchmarks/core/unsat/uuf50-0296.smt2
[2026/01/12 03:16:19 PM] Attempting to generate 30 mutants
[2026/01/12 03:16:19 PM] Performed 8520 solver calls (4.3 calls/s, eff: 0.0%, 4.3 mutants/s)
[2026/01/12 03:16:21 PM] Performed 8530 solver calls (4.3 calls/s, eff: 0.0%, 4.3 mutants/s)
[2026/01/12 03:16:23 PM] Performed 8542 solver calls (4.3 calls/s, eff: 0.0%, 4.3 mutants/s)
[2026/01/12 03:16:25 PM] Finished generations: 30 successful, 0 unsuccessful
[2026/01/12 03:16:25 PM] Processing seeds ../../benchmarks/SMT-benchmarks/core/unsat/uuf50-068.smt2 ../../benchmarks/SMT-benchmarks/core/unsat/uuf50-0757.smt2
[2026/01/12 03:16:25 PM] Attempting to generate 30 mutants
[2026/01/12 03:16:25 PM] Performed 8551 solver calls (4.3 calls/s, eff: 0.0%, 4.3 mutants/s)
